Session Information:,,,,Device Information:,,,,Oarlock Information:,,,,Oarlock Settings:

Name:,JustGo-5027M,,,Name:,Gavin's SpdCoach ,,,Firmware:,---,,,Boat ID:,---
Start Time:,07/18/2024 20:28,,,Model:,SpeedCoach GPS Pro,,,,,,,Seat Number:,---
Type:,Just Go,,,Serial:,2270293,,,,,,,Port Starboard:,---
System of Units:,Meters/Split500,,,Firmware Version:,2.22,,,,,,,Oar Length:,---
Speed Input:,GPS,,,Profile Version:,0.03,,,,,,,Inboard Length:,---
,,,,Hardware Version:,Rev 11,,,,,,,,
,,,,LiNK Version:,2.1.68,,,,,,,,


Session Summary:

Total Intervals,Total Distance (GPS),Total Distance (IMP),Total Elapsed Time,Avg Split (GPS),Avg Speed (GPS),Avg Split (IMP),Avg Speed (IMP),Avg Stroke Rate,Total Strokes,Distance/Stroke (GPS),Distance/Stroke (IMP),Avg Heart Rate,Avg Power,Avg Catch,Avg Slip,Avg Finish,Avg Wash,Avg Force Avg,Avg Work,Avg Force Max,Avg Max Force Angle,Start GPS Lat.,Start GPS Lon.
(Interval),(Meters),(Meters),(HH:MM:SS.tenths),(/500),(M/S),(/500),(M/S),(SPM),(Strokes),(Meters),(Meters),(BPM),(Watts),(Degrees),(Degrees),(Degrees),(Degrees),(Newtons),(Joules),(Newtons),(Degrees),(Degrees),(Degrees)
1,5027.8,0.0,00:19:44.9,00:01:57.9,4.24,00:00:00.0,0.00,30.0,505,10.0,0.0,158.0,---,---,---,---,---,---,---,---,---,52.2177457,0.1476868


Interval Summaries:

Interval,Total Distance (GPS),Total Distance (IMP),Total Elapsed Time,Avg Split (GPS),Avg Speed (GPS),Avg Split (IMP),Avg Speed (IMP),Avg Stroke Rate,Total Strokes,Distance/Stroke (GPS),Distance/Stroke (IMP),Avg Heart Rate,Avg Power,Avg Catch,Avg Slip,Avg Finish,Avg Wash,Avg Force Avg,Avg Work,Avg Force Max,Avg Max Force Angle,Start GPS Lat.,Start GPS Lon.
(Interval),(Meters),(Meters),(HH:MM:SS.tenths),(/500),(M/S),(/500),(M/S),(SPM),(Strokes),(Meters),(Meters),(BPM),(Watts),(Degrees),(Degrees),(Degrees),(Degrees),(Newtons),(Joules),(Newtons),(Degrees),(Degrees),(Degrees)
1,5027.8,0.0,00:19:44.9,00:01:57.9,4.24,00:00:00.0,0.00,30.0,505,10.0,0.0,157.0,---,---,---,---,---,---,---,---,---,52.2177457,0.1476868



Per-Stroke Data:

Interval,Distance (GPS),Distance (IMP),Elapsed Time,Split (GPS),Speed (GPS),Split (IMP),Speed (IMP),Stroke Rate,Total Strokes,Distance/Stroke (GPS),Distance/Stroke (IMP),Heart Rate,Power,Catch,Slip,Finish,Wash,Force Avg,Work,Force Max,Max Force Angle,GPS Lat.,GPS Lon.
(Interval),(Meters),(Meters),(HH:MM:SS.tenths),(/500),(M/S),(/500),(M/S),(SPM),(Strokes),(Meters),(Meters),(BPM),(Watts),(Degrees),(Degrees),(Degrees),(Degrees),(Newtons),(Joules),(Newtons),(Degrees),(Degrees),(Degrees)
1,0.3,0.0,00:00:03.3,03:28:20.0,0.04,00:00:00.0,0.00,18.0,1,0.3,0.0,83,---,---,---,---,---,---,---,---,---,52.2177457,0.1476868
1,14.5,0.0,00:00:14.0,00:17:43.8,0.47,00:00:00.0,0.00,20.5,2,14.2,0.0,82,---,---,---,---,---,---,---,---,---,52.2178588,0.1478335
1,18.9,0.0,00:00:15.8,00:05:24.7,1.54,00:00:00.0,0.00,30.5,3,4.4,0.0,84,---,---,---,---,---,---,---,---,---,52.2178731,0.1478930
1,29.5,0.0,00:00:19.4,00:03:18.4,2.52,00:00:00.0,0.00,16.5,4,10.6,0.0,101,---,---,---,---,---,---,---,---,---,52.2179054,0.1480395
1,41.1,0.0,00:00:23.0,00:02:43.4,3.06,00:00:00.0,0.00,18.0,5,11.6,0.0,114,---,---,---,---,---,---,---,---,---,52.2179424,0.1481988
1,52.8,0.0,00:00:26.0,00:02:21.2,3.54,00:00:00.0,0.00,18.5,6,11.7,0.0,119,---,---,---,---,---,---,---,---,---,52.2179796,0.1483587
1,66.0,0.0,00:00:29.1,00:02:07.9,3.91,00:00:00.0,0.00,19.0,7,13.2,0.0,128,---,---,---,---,---,---,---,---,---,52.2180197,0.1485409
1,80.0,0.0,00:00:32.4,00:01:58.5,4.22,00:00:00.0,0.00,18.5,8,14.0,0.0,133,---,---,---,---,---,---,---,---,---,52.2180653,0.1487328
1,94.3,0.0,00:00:35.5,00:01:55.7,4.32,00:00:00.0,0.00,18.5,9,14.3,0.0,136,---,---,---,---,---,---,---,---,---,52.2181151,0.1489255
1,108.3,0.0,00:00:38.8,00:01:53.6,4.40,00:00:00.0,0.00,19.0,10,14.0,0.0,138,---,---,---,---,---,---,---,---,---,52.2181630,0.1491155
1,122.4,0.0,00:00:42.0,00:01:53.1,4.42,00:00:00.0,0.00,19.0,11,14.1,0.0,139,---,---,---,---,---,---,---,---,---,52.2182191,0.1493015
1,136.1,0.0,00:00:45.2,00:01:52.6,4.44,00:00:00.0,0.00,19.0,12,13.6,0.0,141,---,---,---,---,---,---,---,---,---,52.2182777,0.1494768
1,167.7,0.0,00:00:55.7,00:03:04.5,2.71,00:00:00.0,0.00,22.0,13,31.6,0.0,79,---,---,---,---,---,---,---,---,---,52.2185885,0.1504633
1,171.6,0.0,00:00:57.4,00:04:57.6,1.68,00:00:00.0,0.00,31.5,14,3.9,0.0,98,---,---,---,---,---,---,---,---,---,52.2186043,0.1505135
1,181.9,0.0,00:01:00.9,00:03:09.4,2.64,00:00:00.0,0.00,17.0,15,10.3,0.0,111,---,---,---,---,---,---,---,---,---,52.2186408,0.1506526
1,194.8,0.0,00:01:04.3,00:02:33.8,3.25,00:00:00.0,0.00,17.5,16,12.9,0.0,119,---,---,---,---,---,---,---,---,---,52.2186776,0.1508317
1,207.5,0.0,00:01:07.5,00:02:11.6,3.80,00:00:00.0,0.00,18.5,17,12.7,0.0,123,---,---,---,---,---,---,---,---,---,52.2187065,0.1510115
1,220.9,0.0,00:01:10.7,00:02:03.8,4.04,00:00:00.0,0.00,18.5,18,13.4,0.0,126,---,---,---,---,---,---,---,---,---,52.2187217,0.1512057
1,234.2,0.0,00:01:13.9,00:02:00.8,4.14,00:00:00.0,0.00,19.0,19,13.4,0.0,129,---,---,---,---,---,---,---,---,---,52.2187420,0.1513994
1,248.0,0.0,00:01:17.2,00:01:58.2,4.23,00:00:00.0,0.00,19.0,20,13.8,0.0,133,---,---,---,---,---,---,---,---,---,52.2187662,0.1515974
1,262.1,0.0,00:01:20.3,00:01:56.3,4.30,00:00:00.0,0.00,19.0,21,14.1,0.0,136,---,---,---,---,---,---,---,---,---,52.2187972,0.1517979
1,275.6,0.0,00:01:23.4,00:01:53.4,4.41,00:00:00.0,0.00,19.5,22,13.5,0.0,138,---,---,---,---,---,---,---,---,---,52.2188285,0.1519886
1,290.0,0.0,00:01:26.5,00:01:51.4,4.49,00:00:00.0,0.00,19.0,23,14.5,0.0,139,---,---,---,---,---,---,---,---,---,52.2188715,0.1521888
1,303.2,0.0,00:01:29.6,00:01:52.4,4.45,00:00:00.0,0.00,19.0,24,13.2,0.0,140,---,---,---,---,---,---,---,---,---,52.2189063,0.1523735
1,316.9,0.0,00:01:32.7,00:01:54.2,4.38,00:00:00.0,0.00,19.5,25,13.6,0.0,141,---,---,---,---,---,---,---,---,---,52.2189427,0.1525648
1,330.1,0.0,00:01:36.0,00:01:56.8,4.28,00:00:00.0,0.00,19.0,26,13.2,0.0,144,---,---,---,---,---,---,---,---,---,52.2189878,0.1527446
1,343.3,0.0,00:01:39.1,00:01:59.3,4.19,00:00:00.0,0.00,19.0,27,13.2,0.0,146,---,---,---,---,---,---,---,---,---,52.2190388,0.1529195
1,356.6,0.0,00:01:42.2,00:01:58.8,4.21,00:00:00.0,0.00,19.0,28,13.3,0.0,147,---,---,---,---,---,---,---,---,---,52.2191010,0.1530853
1,370.8,0.0,00:01:45.3,00:01:55.7,4.32,00:00:00.0,0.00,19.0,29,14.2,0.0,149,---,---,---,---,---,---,---,---,---,52.2191675,0.1532635
1,385.1,0.0,00:01:48.8,00:01:53.6,4.40,00:00:00.0,0.00,19.0,30,14.2,0.0,149,---,---,---,---,---,---,---,---,---,52.2192389,0.1534367
1,398.8,0.0,00:01:51.8,00:01:51.1,4.50,00:00:00.0,0.00,19.0,31,13.7,0.0,150,---,---,---,---,---,---,---,---,---,52.2193051,0.1536065
1,412.8,0.0,00:01:54.8,00:01:48.5,4.61,00:00:00.0,0.00,19.0,32,13.9,0.0,151,---,---,---,---,---,---,---,---,---,52.2193769,0.1537740
1,428.3,0.0,00:01:58.0,00:01:47.3,4.66,00:00:00.0,0.00,19.0,33,15.5,0.0,151,---,---,---,---,---,---,---,---,---,52.2194504,0.1539675
1,461.7,0.0,00:02:08.6,00:03:01.8,2.75,00:00:00.0,0.00,21.0,34,33.4,0.0,74,---,---,---,---,---,---,---,---,---,52.2198922,0.1551133
1,465.4,0.0,00:02:10.2,00:05:14.5,1.59,00:00:00.0,0.00,30.5,35,3.7,0.0,84,---,---,---,---,---,---,---,---,---,52.2199087,0.1551609
1,476.3,0.0,00:02:14.1,00:03:13.8,2.58,00:00:00.0,0.00,17.0,36,10.9,0.0,108,---,---,---,---,---,---,---,---,---,52.2199551,0.1553010
1,488.1,0.0,00:02:17.2,00:02:35.8,3.21,00:00:00.0,0.00,18.0,37,11.8,0.0,115,---,---,---,---,---,---,---,---,---,52.2199958,0.1554611
1,501.0,0.0,00:02:20.3,00:02:10.9,3.82,00:00:00.0,0.00,19.0,38,13.0,0.0,123,---,---,---,---,---,---,---,---,---,52.2200324,0.1556414
1,514.6,0.0,00:02:23.4,00:02:00.8,4.14,00:00:00.0,0.00,19.5,39,13.6,0.0,126,---,---,---,---,---,---,---,---,---,52.2200665,0.1558324
1,528.4,0.0,00:02:26.6,00:01:55.5,4.33,00:00:00.0,0.00,19.5,40,13.8,0.0,131,---,---,---,---,---,---,---,---,---,52.2200925,0.1560302
1,541.4,0.0,00:02:29.6,00:01:52.9,4.43,00:00:00.0,0.00,20.0,41,13.0,0.0,135,---,---,---,---,---,---,---,---,---,52.2201121,0.1562178
1,550.8,0.0,00:02:32.3,00:01:57.6,4.25,00:00:00.0,0.00,21.0,42,9.5,0.0,138,---,---,---,---,---,---,---,---,---,52.2201053,0.1563560
1,558.2,0.0,00:02:34.6,00:02:18.5,3.61,00:00:00.0,0.00,25.0,43,7.3,0.0,140,---,---,---,---,---,---,---,---,---,52.2201097,0.1564640
1,565.6,0.0,00:02:36.8,00:02:43.4,3.06,00:00:00.0,0.00,29.0,44,7.4,0.0,142,---,---,---,---,---,---,---,---,---,52.2201299,0.1565683
1,575.5,0.0,00:02:38.6,00:02:17.4,3.64,00:00:00.0,0.00,31.5,45,9.9,0.0,144,---,---,---,---,---,---,---,---,---,52.2201329,0.1567148
1,585.5,0.0,00:02:40.4,00:01:50.9,4.51,00:00:00.0,0.00,34.5,46,10.0,0.0,146,---,---,---,---,---,---,---,---,---,52.2201360,0.1568612
1,596.0,0.0,00:02:42.0,00:01:41.2,4.94,00:00:00.0,0.00,35.5,47,10.5,0.0,147,---,---,---,---,---,---,---,---,---,52.2201551,0.1570127
1,606.6,0.0,00:02:43.6,00:01:32.2,5.42,00:00:00.0,0.00,37.5,48,10.5,0.0,150,---,---,---,---,---,---,---,---,---,52.2201755,0.1571641
1,617.9,0.0,00:02:45.4,00:01:27.1,5.74,00:00:00.0,0.00,36.0,49,11.3,0.0,151,---,---,---,---,---,---,---,---,---,52.2201961,0.1573268
1,626.9,0.0,00:02:47.1,00:01:25.6,5.84,00:00:00.0,0.00,36.0,50,9.0,0.0,153,---,---,---,---,---,---,---,---,---,52.2202133,0.1574557
1,638.0,0.0,00:02:48.6,00:01:23.9,5.96,00:00:00.0,0.00,36.0,51,11.1,0.0,154,---,---,---,---,---,---,---,---,---,52.2202348,0.1576142
1,647.0,0.0,00:02:50.2,00:01:23.1,6.02,00:00:00.0,0.00,36.0,52,9.0,0.0,155,---,---,---,---,---,---,---,---,---,52.2202495,0.1577435
1,657.1,0.0,00:02:51.8,00:01:24.5,5.92,00:00:00.0,0.00,37.0,53,10.1,0.0,157,---,---,---,---,---,---,---,---,---,52.2202586,0.1578911
1,667.9,0.0,00:02:53.6,00:01:26.5,5.78,00:00:00.0,0.00,36.0,54,10.8,0.0,158,---,---,---,---,---,---,---,---,---,52.2202767,0.1580464
1,677.8,0.0,00:02:55.2,00:01:25.2,5.87,00:00:00.0,0.00,36.0,55,9.9,0.0,158,---,---,---,---,---,---,---,---,---,52.2202950,0.1581890
1,688.5,0.0,00:02:57.0,00:01:22.9,6.03,00:00:00.0,0.00,34.5,56,10.7,0.0,159,---,---,---,---,---,---,---,---,---,52.2203124,0.1583433
1,698.3,0.0,00:02:58.6,00:01:23.9,5.96,00:00:00.0,0.00,35.5,57,9.8,0.0,160,---,---,---,---,---,---,---,---,---,52.2203298,0.1584841
1,709.0,0.0,00:03:00.4,00:01:26.7,5.77,00:00:00.0,0.00,36.0,58,10.7,0.0,161,---,---,---,---,---,---,---,---,---,52.2203483,0.1586382
1,719.8,0.0,00:03:02.3,00:01:27.3,5.73,00:00:00.0,0.00,32.5,59,10.8,0.0,161,---,---,---,---,---,---,---,---,---,52.2203671,0.1587932
1,732.5,0.0,00:03:04.6,00:01:27.9,5.69,00:00:00.0,0.00,25.0,60,12.8,0.0,162,---,---,---,---,---,---,---,---,---,52.2203929,0.1589751
1,745.6,0.0,00:03:07.4,00:01:37.1,5.15,00:00:00.0,0.00,21.5,61,13.0,0.0,163,---,---,---,---,---,---,---,---,---,52.2204200,0.1591610
1,757.9,0.0,00:03:10.4,00:01:52.6,4.44,00:00:00.0,0.00,20.5,62,12.3,0.0,162,---,---,---,---,---,---,---,---,---,52.2204476,0.1593358
1,768.9,0.0,00:03:13.4,00:02:07.6,3.92,00:00:00.0,0.00,19.5,63,11.1,0.0,161,---,---,---,---,---,---,---,---,---,52.2204745,0.1594920
1,779.7,0.0,00:03:16.6,00:02:20.8,3.55,00:00:00.0,0.00,18.0,64,10.8,0.0,160,---,---,---,---,---,---,---,---,---,52.2204991,0.1596454
1,790.4,0.0,00:03:20.1,00:02:30.6,3.32,00:00:00.0,0.00,18.0,65,10.6,0.0,159,---,---,---,---,---,---,---,---,---,52.2205242,0.1597955
1,801.9,0.0,00:03:23.4,00:02:33.4,3.26,00:00:00.0,0.00,17.5,66,11.5,0.0,158,---,---,---,---,---,---,---,---,---,52.2205518,0.1599587
1,813.4,0.0,00:03:27.0,00:02:34.8,3.23,00:00:00.0,0.00,17.0,67,11.5,0.0,157,---,---,---,---,---,---,---,---,---,52.2205784,0.1601216
1,825.2,0.0,00:03:30.2,00:02:28.4,3.37,00:00:00.0,0.00,18.0,68,11.8,0.0,156,---,---,---,---,---,---,---,---,---,52.2206116,0.1602852
1,838.3,0.0,00:03:33.6,00:02:14.8,3.71,00:00:00.0,0.00,18.5,69,13.1,0.0,155,---,---,---,---,---,---,---,---,---,52.2206500,0.1604673
1,851.2,0.0,00:03:36.8,00:02:05.9,3.97,00:00:00.0,0.00,19.0,70,12.9,0.0,155,---,---,---,---,---,---,---,---,---,52.2206919,0.1606437
1,863.7,0.0,00:03:39.8,00:02:02.5,4.08,00:00:00.0,0.00,19.0,71,12.5,0.0,155,---,---,---,---,---,---,---,---,---,52.2207339,0.1608139
1,877.1,0.0,00:03:43.0,00:01:59.6,4.18,00:00:00.0,0.00,19.5,72,13.4,0.0,155,---,---,---,---,---,---,---,---,---,52.2207792,0.1609966
1,889.8,0.0,00:03:46.0,00:01:56.6,4.29,00:00:00.0,0.00,19.0,73,12.7,0.0,156,---,---,---,---,---,---,---,---,---,52.2208236,0.1611679
1,903.1,0.0,00:03:49.2,00:01:57.4,4.26,00:00:00.0,0.00,20.0,74,13.3,0.0,156,---,---,---,---,---,---,---,---,---,52.2208697,0.1613467
1,915.2,0.0,00:03:52.0,00:01:58.2,4.23,00:00:00.0,0.00,20.5,75,12.2,0.0,157,---,---,---,---,---,---,---,---,---,52.2209138,0.1615100
1,926.2,0.0,00:03:54.4,00:01:55.5,4.33,00:00:00.0,0.00,24.5,76,11.0,0.0,157,---,---,---,---,---,---,---,---,---,52.2209539,0.1616571
1,935.7,0.0,00:03:56.4,00:01:49.6,4.56,00:00:00.0,0.00,29.0,77,9.4,0.0,157,---,---,---,---,---,---,---,---,---,52.2209881,0.1617839
1,945.9,0.0,00:03:58.4,00:01:42.7,4.87,00:00:00.0,0.00,32.5,78,10.2,0.0,157,---,---,---,---,---,---,---,---,---,52.2210254,0.1619204
1,954.5,0.0,00:04:00.0,00:01:37.7,5.12,00:00:00.0,0.00,33.0,79,8.6,0.0,158,---,---,---,---,---,---,---,---,---,52.2210545,0.1620372
1,964.4,0.0,00:04:02.1,00:01:33.1,5.37,00:00:00.0,0.00,35.5,80,10.0,0.0,158,---,---,---,---,---,---,---,---,---,52.2210911,0.1621709
1,974.7,0.0,00:04:03.6,00:01:28.5,5.65,00:00:00.0,0.00,36.0,81,10.2,0.0,159,---,---,---,---,---,---,---,---,---,52.2211306,0.1623061
1,983.1,0.0,00:04:05.2,00:01:26.2,5.80,00:00:00.0,0.00,34.0,82,8.5,0.0,160,---,---,---,---,---,---,---,---,---,52.2211638,0.1624182
1,993.3,0.0,00:04:06.8,00:01:24.6,5.91,00:00:00.0,0.00,36.0,83,10.1,0.0,160,---,---,---,---,---,---,---,---,---,52.2212039,0.1625517
1,1002.8,0.0,00:04:08.6,00:01:27.9,5.69,00:00:00.0,0.00,36.0,84,9.5,0.0,161,---,---,---,---,---,---,---,---,---,52.2212379,0.1626795
1,1012.3,0.0,00:04:10.2,00:01:29.9,5.56,00:00:00.0,0.00,36.0,85,9.5,0.0,162,---,---,---,---,---,---,---,---,---,52.2212743,0.1628050
1,1022.3,0.0,00:04:12.0,00:01:27.4,5.72,00:00:00.0,0.00,36.0,86,10.1,0.0,163,---,---,---,---,---,---,---,---,---,52.2213116,0.1629398
1,1032.0,0.0,00:04:13.6,00:01:26.4,5.79,00:00:00.0,0.00,34.5,87,9.7,0.0,164,---,---,---,---,---,---,---,---,---,52.2213480,0.1630683
1,1042.9,0.0,00:04:15.4,00:01:23.1,6.02,00:00:00.0,0.00,35.5,88,10.9,0.0,165,---,---,---,---,---,---,---,---,---,52.2213901,0.1632126
1,1052.6,0.0,00:04:17.2,00:01:20.8,6.19,00:00:00.0,0.00,34.0,89,9.7,0.0,165,---,---,---,---,---,---,---,---,---,52.2214262,0.1633419
1,1065.7,0.0,00:04:19.6,00:01:24.6,5.91,00:00:00.0,0.00,25.0,90,13.1,0.0,165,---,---,---,---,---,---,---,---,---,52.2214733,0.1635183
1,1077.4,0.0,00:04:22.2,00:01:36.7,5.17,00:00:00.0,0.00,22.0,91,11.7,0.0,166,---,---,---,---,---,---,---,---,---,52.2215168,0.1636743
1,1089.2,0.0,00:04:25.2,00:01:52.9,4.43,00:00:00.0,0.00,20.5,92,11.8,0.0,166,---,---,---,---,---,---,---,---,---,52.2215617,0.1638312
1,1099.9,0.0,00:04:28.2,00:02:08.9,3.88,00:00:00.0,0.00,19.5,93,10.7,0.0,166,---,---,---,---,---,---,---,---,---,52.2216022,0.1639737
1,1111.3,0.0,00:04:31.6,00:02:22.0,3.52,00:00:00.0,0.00,18.5,94,11.4,0.0,165,---,---,---,---,---,---,---,---,---,52.2216436,0.1641260
1,1122.0,0.0,00:04:35.1,00:02:28.8,3.36,00:00:00.0,0.00,17.5,95,10.7,0.0,163,---,---,---,---,---,---,---,---,---,52.2216831,0.1642697
1,1132.9,0.0,00:04:38.3,00:02:31.1,3.31,00:00:00.0,0.00,17.5,96,10.9,0.0,161,---,---,---,---,---,---,---,---,---,52.2217245,0.1644147
1,1157.9,0.0,00:04:48.8,00:04:03.9,2.05,00:00:00.0,0.00,22.0,97,24.9,0.0,103,---,---,---,---,---,---,---,---,---,52.2220802,0.1656614
1,1161.3,0.0,00:04:50.1,00:05:08.6,1.62,00:00:00.0,0.00,32.5,98,3.5,0.0,112,---,---,---,---,---,---,---,---,---,52.2220933,0.1657074
1,1172.4,0.0,00:04:53.8,00:03:06.6,2.68,00:00:00.0,0.00,17.0,99,11.1,0.0,120,---,---,---,---,---,---,---,---,---,52.2221364,0.1658540
1,1184.5,0.0,00:04:57.0,00:02:31.5,3.30,00:00:00.0,0.00,19.0,100,12.1,0.0,126,---,---,---,---,---,---,---,---,---,52.2221867,0.1660107
1,1197.0,0.0,00:05:00.2,00:02:11.2,3.81,00:00:00.0,0.00,19.0,101,12.6,0.0,133,---,---,---,---,---,---,---,---,---,52.2222440,0.1661692
1,1210.2,0.0,00:05:03.2,00:02:01.7,4.11,00:00:00.0,0.00,20.0,102,13.2,0.0,135,---,---,---,---,---,---,---,---,---,52.2223078,0.1663316
1,1224.0,0.0,00:05:06.4,00:01:54.9,4.35,00:00:00.0,0.00,20.0,103,13.8,0.0,136,---,---,---,---,---,---,---,---,---,52.2223759,0.1665005
1,1253.1,0.0,00:05:15.5,00:12:37.6,0.66,00:00:00.0,0.00,34.5,104,29.2,0.0,98,---,---,---,---,---,---,---,---,---,52.2234461,0.1673803
1,1254.1,0.0,00:05:15.9,00:05:04.9,1.64,00:00:00.0,0.00,88.5,105,0.9,0.0,99,---,---,---,---,---,---,---,---,---,52.2234541,0.1673772
1,1259.2,0.0,00:05:17.5,00:03:06.6,2.68,00:00:00.0,0.00,37.5,106,5.1,0.0,101,---,---,---,---,---,---,---,---,---,52.2234997,0.1673679
1,1265.6,0.0,00:05:19.1,00:02:28.4,3.37,00:00:00.0,0.00,42.0,107,6.4,0.0,107,---,---,---,---,---,---,---,---,---,52.2235561,0.1673503
1,1272.2,0.0,00:05:20.5,00:02:01.4,4.12,00:00:00.0,0.00,41.0,108,6.6,0.0,111,---,---,---,---,---,---,---,---,---,52.2236142,0.1673291
1,1279.6,0.0,00:05:21.9,00:01:45.9,4.72,00:00:00.0,0.00,43.0,109,7.4,0.0,118,---,---,---,---,---,---,---,---,---,52.2236789,0.1673061
1,1287.5,0.0,00:05:23.3,00:01:35.8,5.22,00:00:00.0,0.00,42.5,110,7.9,0.0,122,---,---,---,---,---,---,---,---,---,52.2237482,0.1672815
1,1295.6,0.0,00:05:24.7,00:01:29.9,5.56,00:00:00.0,0.00,43.5,111,8.2,0.0,126,---,---,---,---,---,---,---,---,---,52.2238196,0.1672541
1,1304.2,0.0,00:05:26.1,00:01:26.4,5.79,00:00:00.0,0.00,43.0,112,8.6,0.0,133,---,---,---,---,---,---,---,---,---,52.2238948,0.1672293
1,1312.9,0.0,00:05:27.5,00:01:23.3,6.00,00:00:00.0,0.00,43.5,113,8.7,0.0,136,---,---,---,---,---,---,---,---,---,52.2239710,0.1672013
1,1319.7,0.0,00:05:28.8,00:01:20.4,6.22,00:00:00.0,0.00,43.5,114,6.8,0.0,140,---,---,---,---,---,---,---,---,---,52.2240312,0.1671820
1,1330.6,0.0,00:05:30.3,00:01:18.0,6.41,00:00:00.0,0.00,42.5,115,10.9,0.0,146,---,---,---,---,---,---,---,---,---,52.2241268,0.1671477
1,1338.5,0.0,00:05:31.8,00:01:17.9,6.42,00:00:00.0,0.00,43.0,116,7.9,0.0,151,---,---,---,---,---,---,---,---,---,52.2241959,0.1671208
1,1348.6,0.0,00:05:33.1,00:01:17.4,6.46,00:00:00.0,0.00,42.5,117,10.1,0.0,153,---,---,---,---,---,---,---,---,---,52.2242845,0.1670913
1,1357.6,0.0,00:05:34.8,00:01:16.6,6.53,00:00:00.0,0.00,42.0,118,9.1,0.0,155,---,---,---,---,---,---,---,---,---,52.2243643,0.1670657
1,1366.6,0.0,00:05:35.9,00:01:18.0,6.41,00:00:00.0,0.00,42.5,119,9.0,0.0,159,---,---,---,---,---,---,---,---,---,52.2244442,0.1670426
1,1375.7,0.0,00:05:37.3,00:01:18.2,6.39,00:00:00.0,0.00,42.0,120,9.1,0.0,160,---,---,---,---,---,---,---,---,---,52.2245240,0.1670167
1,1384.6,0.0,00:05:38.7,00:01:19.5,6.29,00:00:00.0,0.00,41.5,121,8.9,0.0,161,---,---,---,---,---,---,---,---,---,52.2246022,0.1669898
1,1393.6,0.0,00:05:40.1,00:01:20.1,6.24,00:00:00.0,0.00,41.5,122,9.0,0.0,163,---,---,---,---,---,---,---,---,---,52.2246809,0.1669622
1,1403.5,0.0,00:05:41.7,00:01:20.3,6.23,00:00:00.0,0.00,40.5,123,10.0,0.0,163,---,---,---,---,---,---,---,---,---,52.2247686,0.1669310
1,1412.4,0.0,00:05:43.2,00:01:20.3,6.23,00:00:00.0,0.00,40.5,124,8.9,0.0,164,---,---,---,---,---,---,---,---,---,52.2248462,0.1668998
1,1422.3,0.0,00:05:44.7,00:01:20.9,6.18,00:00:00.0,0.00,40.5,125,9.9,0.0,164,---,---,---,---,---,---,---,---,---,52.2249320,0.1668634
1,1431.1,0.0,00:05:46.1,00:01:22.0,6.10,00:00:00.0,0.00,40.5,126,8.8,0.0,165,---,---,---,---,---,---,---,---,---,52.2250083,0.1668302
1,1441.0,0.0,00:05:47.7,00:01:21.8,6.11,00:00:00.0,0.00,37.5,127,9.9,0.0,166,---,---,---,---,---,---,---,---,---,52.2250943,0.1667905
1,1450.8,0.0,00:05:49.4,00:01:21.6,6.13,00:00:00.0,0.00,38.0,128,9.8,0.0,166,---,---,---,---,---,---,---,---,---,52.2251782,0.1667499
1,1460.5,0.0,00:05:50.9,00:01:22.4,6.07,00:00:00.0,0.00,37.5,129,9.7,0.0,166,---,---,---,---,---,---,---,---,---,52.2252616,0.1667106
1,1469.1,0.0,00:05:52.3,00:01:23.6,5.98,00:00:00.0,0.00,37.5,130,8.7,0.0,167,---,---,---,---,---,---,---,---,---,52.2253363,0.1666752
1,1478.8,0.0,00:05:53.9,00:01:23.8,5.97,00:00:00.0,0.00,37.5,131,9.6,0.0,167,---,---,---,---,---,---,---,---,---,52.2254195,0.1666360
1,1488.4,0.0,00:05:55.8,00:01:24.7,5.90,00:00:00.0,0.00,37.0,132,9.6,0.0,167,---,---,---,---,---,---,---,---,---,52.2255026,0.1665983
1,1501.1,0.0,00:05:57.9,00:01:26.7,5.77,00:00:00.0,0.00,29.0,133,12.7,0.0,168,---,---,---,---,---,---,---,---,---,52.2256142,0.1665577
1,1512.3,0.0,00:06:00.3,00:01:35.1,5.26,00:00:00.0,0.00,24.5,134,11.2,0.0,168,---,---,---,---,---,---,---,---,---,52.2257123,0.1665189
1,1523.3,0.0,00:06:02.9,00:01:49.2,4.58,00:00:00.0,0.00,23.0,135,11.0,0.0,168,---,---,---,---,---,---,---,---,---,52.2258084,0.1664812
1,1534.0,0.0,00:06:05.7,00:02:02.5,4.08,00:00:00.0,0.00,21.0,136,10.7,0.0,168,---,---,---,---,---,---,---,---,---,52.2259030,0.1664557
1,1544.5,0.0,00:06:08.7,00:02:13.7,3.74,00:00:00.0,0.00,20.5,137,10.5,0.0,167,---,---,---,---,---,---,---,---,---,52.2259971,0.1664443
1,1555.1,0.0,00:06:11.7,00:02:21.2,3.54,00:00:00.0,0.00,19.5,138,10.6,0.0,167,---,---,---,---,---,---,---,---,---,52.2260925,0.1664526
1,1565.5,0.0,00:06:14.7,00:02:27.1,3.40,00:00:00.0,0.00,19.5,139,10.4,0.0,166,---,---,---,---,---,---,---,---,---,52.2261852,0.1664679
1,1577.3,0.0,00:06:18.1,00:02:28.8,3.36,00:00:00.0,0.00,19.0,140,11.8,0.0,165,---,---,---,---,---,---,---,---,---,52.2262886,0.1665044
1,1587.7,0.0,00:06:21.1,00:02:28.4,3.37,00:00:00.0,0.00,18.5,141,10.4,0.0,163,---,---,---,---,---,---,---,---,---,52.2263790,0.1665446
1,1598.7,0.0,00:06:24.3,00:02:30.1,3.33,00:00:00.0,0.00,19.0,142,11.0,0.0,163,---,---,---,---,---,---,---,---,---,52.2264723,0.1665964
1,1610.4,0.0,00:06:27.5,00:02:27.1,3.40,00:00:00.0,0.00,19.0,143,11.7,0.0,162,---,---,---,---,---,---,---,---,---,52.2265671,0.1666712
1,1622.1,0.0,00:06:30.7,00:02:19.3,3.59,00:00:00.0,0.00,19.0,144,11.7,0.0,162,---,---,---,---,---,---,---,---,---,52.2266584,0.1667563
1,1634.4,0.0,00:06:33.9,00:02:16.2,3.67,00:00:00.0,0.00,19.5,145,12.3,0.0,162,---,---,---,---,---,---,---,---,---,52.2267435,0.1668712
1,1646.6,0.0,00:06:36.9,00:02:12.6,3.77,00:00:00.0,0.00,19.5,146,12.3,0.0,162,---,---,---,---,---,---,---,---,---,52.2268187,0.1670023
1,1659.3,0.0,00:06:40.1,00:02:09.2,3.87,00:00:00.0,0.00,19.5,147,12.7,0.0,163,---,---,---,---,---,---,---,---,---,52.2268889,0.1671488
1,1671.7,0.0,00:06:43.1,00:02:10.2,3.84,00:00:00.0,0.00,20.0,148,12.4,0.0,163,---,---,---,---,---,---,---,---,---,52.2269504,0.1673005
1,1684.5,0.0,00:06:46.3,00:02:07.9,3.91,00:00:00.0,0.00,19.5,149,12.8,0.0,163,---,---,---,---,---,---,---,---,---,52.2270137,0.1674574
1,1697.0,0.0,00:06:49.3,00:02:05.3,3.99,00:00:00.0,0.00,19.5,150,12.5,0.0,163,---,---,---,---,---,---,---,---,---,52.2270719,0.1676144
1,1709.5,0.0,00:06:52.3,00:02:03.5,4.05,00:00:00.0,0.00,19.5,151,12.4,0.0,163,---,---,---,---,---,---,---,---,---,52.2271302,0.1677707
1,1722.3,0.0,00:06:55.8,00:02:02.5,4.08,00:00:00.0,0.00,19.5,152,12.8,0.0,162,---,---,---,---,---,---,---,---,---,52.2271896,0.1679320
1,1735.6,0.0,00:06:58.8,00:02:03.2,4.06,00:00:00.0,0.00,19.5,153,13.3,0.0,162,---,---,---,---,---,---,---,---,---,52.2272487,0.1681018
1,1748.9,0.0,00:07:01.8,00:01:58.2,4.23,00:00:00.0,0.00,19.5,154,13.2,0.0,162,---,---,---,---,---,---,---,---,---,52.2273055,0.1682722
1,1761.9,0.0,00:07:04.8,00:01:54.4,4.37,00:00:00.0,0.00,19.5,155,13.1,0.0,161,---,---,---,---,---,---,---,---,---,52.2273613,0.1684410
1,1774.7,0.0,00:07:07.8,00:01:56.3,4.30,00:00:00.0,0.00,19.5,156,12.8,0.0,161,---,---,---,---,---,---,---,---,---,52.2274134,0.1686069
1,1787.7,0.0,00:07:10.9,00:01:59.3,4.19,00:00:00.0,0.00,19.5,157,13.1,0.0,161,---,---,---,---,---,---,---,---,---,52.2274700,0.1687747
1,1800.8,0.0,00:07:13.9,00:01:59.6,4.18,00:00:00.0,0.00,19.5,158,13.1,0.0,160,---,---,---,---,---,---,---,---,---,52.2275308,0.1689392
1,1814.3,0.0,00:07:17.0,00:01:57.6,4.25,00:00:00.0,0.00,20.0,159,13.5,0.0,160,---,---,---,---,---,---,---,---,---,52.2275994,0.1691023
1,1828.1,0.0,00:07:20.1,00:01:57.9,4.24,00:00:00.0,0.00,19.5,160,13.8,0.0,160,---,---,---,---,---,---,---,---,---,52.2276751,0.1692628
1,1841.1,0.0,00:07:23.1,00:01:56.6,4.29,00:00:00.0,0.00,19.5,161,12.9,0.0,160,---,---,---,---,---,---,---,---,---,52.2277525,0.1694044
1,1854.4,0.0,00:07:26.4,00:01:55.7,4.32,00:00:00.0,0.00,19.5,162,13.3,0.0,160,---,---,---,---,---,---,---,---,---,52.2278401,0.1695361
1,1867.2,0.0,00:07:29.3,00:01:58.2,4.23,00:00:00.0,0.00,19.5,163,12.9,0.0,160,---,---,---,---,---,---,---,---,---,52.2279343,0.1696451
1,1880.6,0.0,00:07:32.5,00:01:59.3,4.19,00:00:00.0,0.00,19.5,164,13.3,0.0,160,---,---,---,---,---,---,---,---,---,52.2280370,0.1697464
1,1893.3,0.0,00:07:35.5,00:01:59.3,4.19,00:00:00.0,0.00,19.5,165,12.7,0.0,159,---,---,---,---,---,---,---,---,---,52.2281384,0.1698321
1,1907.1,0.0,00:07:38.7,00:01:58.8,4.21,00:00:00.0,0.00,19.0,166,13.8,0.0,159,---,---,---,---,---,---,---,---,---,52.2282509,0.1699162
1,1920.1,0.0,00:07:41.7,00:01:57.6,4.25,00:00:00.0,0.00,19.5,167,13.1,0.0,158,---,---,---,---,---,---,---,---,---,52.2283592,0.1699899
1,1933.8,0.0,00:07:44.9,00:01:56.8,4.28,00:00:00.0,0.00,19.5,168,13.7,0.0,158,---,---,---,---,---,---,---,---,---,52.2284763,0.1700525
1,1946.9,0.0,00:07:47.9,00:01:56.0,4.31,00:00:00.0,0.00,19.5,169,13.1,0.0,158,---,---,---,---,---,---,---,---,---,52.2285902,0.1700983
1,1960.8,0.0,00:07:51.1,00:01:54.9,4.35,00:00:00.0,0.00,19.5,170,13.9,0.0,157,---,---,---,---,---,---,---,---,---,52.2287124,0.1701404
1,1974.1,0.0,00:07:54.1,00:01:53.9,4.39,00:00:00.0,0.00,19.5,171,13.3,0.0,157,---,---,---,---,---,---,---,---,---,52.2288306,0.1701717
1,1987.7,0.0,00:07:57.1,00:01:53.1,4.42,00:00:00.0,0.00,20.0,172,13.5,0.0,157,---,---,---,---,---,---,---,---,---,52.2289515,0.1701950
1,2001.6,0.0,00:08:00.4,00:01:52.4,4.45,00:00:00.0,0.00,19.5,173,13.9,0.0,157,---,---,---,---,---,---,---,---,---,52.2290759,0.1702091
1,2015.3,0.0,00:08:03.3,00:01:52.6,4.44,00:00:00.0,0.00,19.5,174,13.7,0.0,157,---,---,---,---,---,---,---,---,---,52.2291987,0.1702274
1,2029.1,0.0,00:08:06.4,00:01:51.6,4.48,00:00:00.0,0.00,19.5,175,13.8,0.0,157,---,---,---,---,---,---,---,---,---,52.2293224,0.1702428
1,2043.4,0.0,00:08:09.5,00:01:50.4,4.53,00:00:00.0,0.00,19.5,176,14.3,0.0,158,---,---,---,---,---,---,---,---,---,52.2294505,0.1702626
1,2057.1,0.0,00:08:12.6,00:01:50.1,4.54,00:00:00.0,0.00,19.5,177,13.7,0.0,158,---,---,---,---,---,---,---,---,---,52.2295725,0.1702882
1,2071.3,0.0,00:08:15.7,00:01:51.1,4.50,00:00:00.0,0.00,19.5,178,14.2,0.0,158,---,---,---,---,---,---,---,---,---,52.2296991,0.1703119
1,2085.0,0.0,00:08:18.8,00:01:51.9,4.47,00:00:00.0,0.00,19.5,179,13.7,0.0,157,---,---,---,---,---,---,---,---,---,52.2298212,0.1703407
1,2099.3,0.0,00:08:21.9,00:01:51.4,4.49,00:00:00.0,0.00,19.5,180,14.3,0.0,157,---,---,---,---,---,---,---,---,---,52.2299477,0.1703741
1,2112.8,0.0,00:08:24.9,00:01:52.1,4.46,00:00:00.0,0.00,19.5,181,13.5,0.0,157,---,---,---,---,---,---,---,---,---,52.2300670,0.1704081
1,2127.1,0.0,00:08:28.1,00:01:53.6,4.40,00:00:00.0,0.00,19.0,182,14.3,0.0,157,---,---,---,---,---,---,---,---,---,52.2301928,0.1704489
1,2141.2,0.0,00:08:31.3,00:01:54.9,4.35,00:00:00.0,0.00,19.5,183,14.2,0.0,156,---,---,---,---,---,---,---,---,---,52.2303181,0.1704857
1,2172.8,0.0,00:08:39.6,00:01:54.9,4.35,00:00:00.0,0.00,96.0,184,31.5,0.0,109,---,---,---,---,---,---,---,---,---,52.2309094,0.1706373
1,2178.1,0.0,00:08:41.4,00:03:15.3,2.56,00:00:00.0,0.00,40.0,185,5.4,0.0,109,---,---,---,---,---,---,---,---,---,52.2308616,0.1706279
1,2183.8,0.0,00:08:42.6,00:02:28.4,3.37,00:00:00.0,0.00,42.5,186,5.7,0.0,114,---,---,---,---,---,---,---,---,---,52.2308105,0.1706198
1,2190.8,0.0,00:08:44.0,00:01:59.0,4.20,00:00:00.0,0.00,44.0,187,7.0,0.0,116,---,---,---,---,---,---,---,---,---,52.2307479,0.1706095
1,2197.8,0.0,00:08:45.4,00:01:43.1,4.85,00:00:00.0,0.00,43.5,188,7.0,0.0,119,---,---,---,---,---,---,---,---,---,52.2306857,0.1705933
1,2204.4,0.0,00:08:46.6,00:01:35.8,5.22,00:00:00.0,0.00,44.5,189,6.6,0.0,125,---,---,---,---,---,---,---,---,---,52.2306278,0.1705759
1,2212.3,0.0,00:08:48.0,00:01:34.0,5.32,00:00:00.0,0.00,45.0,190,7.9,0.0,129,---,---,---,---,---,---,---,---,---,52.2305574,0.1705592
1,2220.4,0.0,00:08:49.4,00:01:29.3,5.60,00:00:00.0,0.00,45.5,191,8.1,0.0,131,---,---,---,---,---,---,---,---,---,52.2304853,0.1705459
1,2227.8,0.0,00:08:50.6,00:01:25.9,5.82,00:00:00.0,0.00,44.5,192,7.4,0.0,137,---,---,---,---,---,---,---,---,---,52.2304193,0.1705348
1,2236.3,0.0,00:08:52.0,00:01:23.3,6.00,00:00:00.0,0.00,44.5,193,8.5,0.0,140,---,---,---,---,---,---,---,---,---,52.2303437,0.1705165
1,2243.5,0.0,00:08:53.4,00:01:22.5,6.06,00:00:00.0,0.00,43.5,194,7.2,0.0,144,---,---,---,---,---,---,---,---,---,52.2302796,0.1704986
1,2252.8,0.0,00:08:54.8,00:01:22.6,6.05,00:00:00.0,0.00,44.0,195,9.3,0.0,149,---,---,---,---,---,---,---,---,---,52.2301981,0.1704704
1,2261.3,0.0,00:08:56.4,00:01:21.7,6.12,00:00:00.0,0.00,43.5,196,8.5,0.0,152,---,---,---,---,---,---,---,---,---,52.2301225,0.1704485
1,2269.0,0.0,00:08:57.4,00:01:21.8,6.11,00:00:00.0,0.00,43.5,197,7.6,0.0,154,---,---,---,---,---,---,---,---,---,52.2300553,0.1704282
1,2277.5,0.0,00:08:58.8,00:01:21.3,6.15,00:00:00.0,0.00,43.5,198,8.5,0.0,158,---,---,---,---,---,---,---,---,---,52.2299802,0.1704040
1,2285.4,0.0,00:09:00.2,00:01:21.8,6.11,00:00:00.0,0.00,42.5,199,7.9,0.0,159,---,---,---,---,---,---,---,---,---,52.2299099,0.1703856
1,2293.8,0.0,00:09:01.6,00:01:23.8,5.97,00:00:00.0,0.00,43.5,200,8.4,0.0,160,---,---,---,---,---,---,---,---,---,52.2298354,0.1703703
1,2302.1,0.0,00:09:03.0,00:01:24.7,5.90,00:00:00.0,0.00,42.0,201,8.3,0.0,162,---,---,---,---,---,---,---,---,---,52.2297616,0.1703517
1,2310.4,0.0,00:09:04.4,00:01:24.5,5.92,00:00:00.0,0.00,43.0,202,8.3,0.0,163,---,---,---,---,---,---,---,---,---,52.2296874,0.1703404
1,2318.8,0.0,00:09:05.8,00:01:24.5,5.92,00:00:00.0,0.00,43.0,203,8.4,0.0,165,---,---,---,---,---,---,---,---,---,52.2296125,0.1703265
1,2327.1,0.0,00:09:07.2,00:01:24.6,5.91,00:00:00.0,0.00,42.0,204,8.4,0.0,165,---,---,---,---,---,---,---,---,---,52.2295379,0.1703091
1,2335.5,0.0,00:09:08.6,00:01:24.3,5.93,00:00:00.0,0.00,42.0,205,8.4,0.0,166,---,---,---,---,---,---,---,---,---,52.2294633,0.1702935
1,2344.9,0.0,00:09:10.2,00:01:23.2,6.01,00:00:00.0,0.00,41.5,206,9.3,0.0,167,---,---,---,---,---,---,---,---,---,52.2293804,0.1702725
1,2352.1,0.0,00:09:11.5,00:01:23.5,5.99,00:00:00.0,0.00,42.0,207,7.2,0.0,167,---,---,---,---,---,---,---,---,---,52.2293160,0.1702589
1,2361.7,0.0,00:09:13.0,00:01:23.5,5.99,00:00:00.0,0.00,40.5,208,9.7,0.0,168,---,---,---,---,---,---,---,---,---,52.2292302,0.1702394
1,2369.6,0.0,00:09:14.4,00:01:22.0,6.10,00:00:00.0,0.00,41.5,209,7.8,0.0,168,---,---,---,---,---,---,---,---,---,52.2291603,0.1702236
1,2380.1,0.0,00:09:16.0,00:01:20.6,6.20,00:00:00.0,0.00,41.5,210,10.6,0.0,169,---,---,---,---,---,---,---,---,---,52.2290668,0.1701973
1,2387.9,0.0,00:09:17.4,00:01:21.4,6.14,00:00:00.0,0.00,40.0,211,7.7,0.0,169,---,---,---,---,---,---,---,---,---,52.2289986,0.1701761
1,2398.4,0.0,00:09:19.0,00:01:21.3,6.15,00:00:00.0,0.00,41.5,212,10.5,0.0,169,---,---,---,---,---,---,---,---,---,52.2289061,0.1701470
1,2405.6,0.0,00:09:20.4,00:01:20.9,6.18,00:00:00.0,0.00,39.5,213,7.2,0.0,169,---,---,---,---,---,---,---,---,---,52.2288415,0.1701325
1,2414.7,0.0,00:09:21.8,00:01:22.2,6.08,00:00:00.0,0.00,40.0,214,9.1,0.0,170,---,---,---,---,---,---,---,---,---,52.2287616,0.1701073
1,2423.1,0.0,00:09:23.4,00:01:23.5,5.99,00:00:00.0,0.00,40.0,215,8.4,0.0,171,---,---,---,---,---,---,---,---,---,52.2286872,0.1700868
1,2432.1,0.0,00:09:24.8,00:01:23.5,5.99,00:00:00.0,0.00,41.0,216,9.0,0.0,171,---,---,---,---,---,---,---,---,---,52.2286084,0.1700546
1,2440.0,0.0,00:09:26.4,00:01:23.8,5.97,00:00:00.0,0.00,39.5,217,7.9,0.0,171,---,---,---,---,---,---,---,---,---,52.2285401,0.1700246
1,2449.1,0.0,00:09:27.8,00:01:24.3,5.93,00:00:00.0,0.00,39.5,218,9.1,0.0,172,---,---,---,---,---,---,---,---,---,52.2284639,0.1699760
1,2457.4,0.0,00:09:29.4,00:01:25.0,5.88,00:00:00.0,0.00,40.0,219,8.3,0.0,172,---,---,---,---,---,---,---,---,---,52.2283960,0.1699247
1,2466.7,0.0,00:09:30.8,00:01:24.3,5.93,00:00:00.0,0.00,40.0,220,9.2,0.0,173,---,---,---,---,---,---,---,---,---,52.2283192,0.1698738
1,2474.9,0.0,00:09:32.4,00:01:24.6,5.91,00:00:00.0,0.00,40.5,221,8.2,0.0,173,---,---,---,---,---,---,---,---,---,52.2282507,0.1698292
1,2483.9,0.0,00:09:33.8,00:01:25.6,5.84,00:00:00.0,0.00,39.5,222,9.0,0.0,174,---,---,---,---,---,---,---,---,---,52.2281770,0.1697750
1,2491.9,0.0,00:09:35.4,00:01:25.8,5.83,00:00:00.0,0.00,40.0,223,8.1,0.0,174,---,---,---,---,---,---,---,---,---,52.2281130,0.1697190
1,2500.9,0.0,00:09:36.8,00:01:26.2,5.80,00:00:00.0,0.00,40.0,224,9.0,0.0,174,---,---,---,---,---,---,---,---,---,52.2280430,0.1696533
1,2509.1,0.0,00:09:38.4,00:01:26.8,5.76,00:00:00.0,0.00,39.5,225,8.1,0.0,174,---,---,---,---,---,---,---,---,---,52.2279818,0.1695879
1,2518.1,0.0,00:09:39.8,00:01:27.4,5.72,00:00:00.0,0.00,40.5,226,9.0,0.0,174,---,---,---,---,---,---,---,---,---,52.2279156,0.1695123
1,2526.0,0.0,00:09:41.4,00:01:27.1,5.74,00:00:00.0,0.00,39.5,227,7.9,0.0,175,---,---,---,---,---,---,---,---,---,52.2278575,0.1694446
1,2534.9,0.0,00:09:42.8,00:01:26.5,5.78,00:00:00.0,0.00,38.5,228,8.9,0.0,175,---,---,---,---,---,---,---,---,---,52.2277975,0.1693579
1,2542.9,0.0,00:09:44.4,00:01:27.4,5.72,00:00:00.0,0.00,41.0,229,7.9,0.0,175,---,---,---,---,---,---,---,---,---,52.2277457,0.1692778
1,2551.5,0.0,00:09:45.8,00:01:27.9,5.69,00:00:00.0,0.00,39.5,230,8.7,0.0,175,---,---,---,---,---,---,---,---,---,52.2276908,0.1691875
1,2559.6,0.0,00:09:47.4,00:01:28.0,5.68,00:00:00.0,0.00,39.5,231,8.1,0.0,175,---,---,---,---,---,---,---,---,---,52.2276422,0.1690995
1,2568.3,0.0,00:09:48.8,00:01:27.1,5.74,00:00:00.0,0.00,38.5,232,8.7,0.0,175,---,---,---,---,---,---,---,---,---,52.2275943,0.1689996
1,2576.1,0.0,00:09:50.4,00:01:27.7,5.70,00:00:00.0,0.00,40.5,233,7.8,0.0,175,---,---,---,---,---,---,---,---,---,52.2275544,0.1689053
1,2584.7,0.0,00:09:51.8,00:01:28.7,5.64,00:00:00.0,0.00,39.5,234,8.6,0.0,176,---,---,---,---,---,---,---,---,---,52.2275116,0.1687996
1,2592.6,0.0,00:09:53.4,00:01:28.3,5.66,00:00:00.0,0.00,39.5,235,7.9,0.0,176,---,---,---,---,---,---,---,---,---,52.2274726,0.1687033
1,2601.3,0.0,00:09:54.8,00:01:28.3,5.66,00:00:00.0,0.00,39.5,236,8.7,0.0,176,---,---,---,---,---,---,---,---,---,52.2274308,0.1685964
1,2609.1,0.0,00:09:56.4,00:01:27.3,5.73,00:00:00.0,0.00,39.5,237,7.9,0.0,176,---,---,---,---,---,---,---,---,---,52.2273928,0.1684986
1,2618.0,0.0,00:09:57.8,00:01:26.8,5.76,00:00:00.0,0.00,40.0,238,8.9,0.0,176,---,---,---,---,---,---,---,---,---,52.2273503,0.1683885
1,2626.0,0.0,00:09:59.4,00:01:26.7,5.77,00:00:00.0,0.00,39.5,239,7.9,0.0,175,---,---,---,---,---,---,---,---,---,52.2273108,0.1682915
1,2634.7,0.0,00:10:00.8,00:01:26.4,5.79,00:00:00.0,0.00,39.5,240,8.7,0.0,176,---,---,---,---,---,---,---,---,---,52.2272687,0.1681834
1,2642.6,0.0,00:10:02.4,00:01:26.8,5.76,00:00:00.0,0.00,40.0,241,7.9,0.0,176,---,---,---,---,---,---,---,---,---,52.2272327,0.1680828
1,2651.3,0.0,00:10:03.8,00:01:27.3,5.73,00:00:00.0,0.00,39.5,242,8.6,0.0,176,---,---,---,---,---,---,---,---,---,52.2271946,0.1679726
1,2659.3,0.0,00:10:05.4,00:01:27.7,5.70,00:00:00.0,0.00,39.5,243,8.0,0.0,175,---,---,---,---,---,---,---,---,---,52.2271585,0.1678714
1,2667.8,0.0,00:10:06.8,00:01:28.2,5.67,00:00:00.0,0.00,39.5,244,8.6,0.0,176,---,---,---,---,---,---,---,---,---,52.2271209,0.1677617
1,2675.7,0.0,00:10:08.4,00:01:28.7,5.64,00:00:00.0,0.00,39.5,245,7.8,0.0,176,---,---,---,---,---,---,---,---,---,52.2270866,0.1676615
1,2685.1,0.0,00:10:10.0,00:01:28.8,5.63,00:00:00.0,0.00,39.0,246,9.5,0.0,176,---,---,---,---,---,---,---,---,---,52.2270461,0.1675394
1,2691.9,0.0,00:10:11.4,00:01:29.8,5.57,00:00:00.0,0.00,39.5,247,6.8,0.0,176,---,---,---,---,---,---,---,---,---,52.2270157,0.1674532
1,2701.3,0.0,00:10:13.0,00:01:31.2,5.48,00:00:00.0,0.00,39.5,248,9.4,0.0,176,---,---,---,---,---,---,---,---,---,52.2269693,0.1673383
1,2709.0,0.0,00:10:14.5,00:01:30.4,5.53,00:00:00.0,0.00,37.5,249,7.7,0.0,176,---,---,---,---,---,---,---,---,---,52.2269324,0.1672432
1,2717.3,0.0,00:10:16.0,00:01:31.2,5.48,00:00:00.0,0.00,39.5,250,8.3,0.0,176,---,---,---,---,---,---,---,---,---,52.2268892,0.1671430
1,2725.7,0.0,00:10:17.7,00:01:32.9,5.38,00:00:00.0,0.00,37.5,251,8.4,0.0,176,---,---,---,---,---,---,---,---,---,52.2268440,0.1670446
1,2733.9,0.0,00:10:19.2,00:01:34.3,5.30,00:00:00.0,0.00,37.5,252,8.2,0.0,176,---,---,---,---,---,---,---,---,---,52.2267924,0.1669580
1,2742.1,0.0,00:10:20.8,00:01:35.8,5.22,00:00:00.0,0.00,38.0,253,8.2,0.0,176,---,---,---,---,---,---,---,---,---,52.2267373,0.1668779
1,2750.2,0.0,00:10:22.4,00:01:37.7,5.12,00:00:00.0,0.00,39.0,254,8.0,0.0,176,---,---,---,---,---,---,---,---,---,52.2266784,0.1668099
1,2758.5,0.0,00:10:24.0,00:01:39.0,5.05,00:00:00.0,0.00,37.5,255,8.4,0.0,176,---,---,---,---,---,---,---,---,---,52.2266135,0.1667488
1,2765.7,0.0,00:10:25.4,00:01:38.2,5.09,00:00:00.0,0.00,38.0,256,7.2,0.0,176,---,---,---,---,---,---,---,---,---,52.2265577,0.1666950
1,2773.3,0.0,00:10:27.0,00:01:40.8,4.96,00:00:00.0,0.00,37.5,257,7.6,0.0,176,---,---,---,---,---,---,---,---,---,52.2264947,0.1666513
1,2780.4,0.0,00:10:28.6,00:01:46.8,4.68,00:00:00.0,0.00,39.0,258,7.1,0.0,176,---,---,---,---,---,---,---,---,---,52.2264367,0.1666087
1,2788.9,0.0,00:10:30.2,00:01:46.4,4.70,00:00:00.0,0.00,36.0,259,8.5,0.0,176,---,---,---,---,---,---,---,---,---,52.2263638,0.1665706
1,2796.8,0.0,00:10:31.8,00:01:38.0,5.10,00:00:00.0,0.00,37.5,260,7.9,0.0,176,---,---,---,---,---,---,---,---,---,52.2262961,0.1665365
1,2805.3,0.0,00:10:33.4,00:01:36.9,5.16,00:00:00.0,0.00,37.5,261,8.5,0.0,176,---,---,---,---,---,---,---,---,---,52.2262222,0.1665068
1,2813.9,0.0,00:10:35.0,00:01:37.7,5.12,00:00:00.0,0.00,37.5,262,8.6,0.0,176,---,---,---,---,---,---,---,---,---,52.2261458,0.1664906
1,2822.0,0.0,00:10:36.6,00:01:33.5,5.35,00:00:00.0,0.00,37.5,263,8.1,0.0,176,---,---,---,---,---,---,---,---,---,52.2260730,0.1664861
1,2830.2,0.0,00:10:38.4,00:01:36.0,5.21,00:00:00.0,0.00,37.5,264,8.3,0.0,176,---,---,---,---,---,---,---,---,---,52.2259988,0.1664849
1,2838.4,0.0,00:10:39.8,00:01:36.7,5.17,00:00:00.0,0.00,37.5,265,8.1,0.0,176,---,---,---,---,---,---,---,---,---,52.2259260,0.1664953
1,2845.7,0.0,00:10:41.4,00:01:36.3,5.19,00:00:00.0,0.00,37.5,266,7.4,0.0,176,---,---,---,---,---,---,---,---,---,52.2258601,0.1665067
1,2854.8,0.0,00:10:43.0,00:01:35.8,5.22,00:00:00.0,0.00,38.0,267,9.1,0.0,176,---,---,---,---,---,---,---,---,---,52.2257800,0.1665319
1,2861.5,0.0,00:10:44.4,00:01:34.3,5.30,00:00:00.0,0.00,37.5,268,6.7,0.0,175,---,---,---,---,---,---,---,---,---,52.2257206,0.1665482
1,2872.0,0.0,00:10:46.2,00:01:33.5,5.35,00:00:00.0,0.00,38.0,269,10.5,0.0,175,---,---,---,---,---,---,---,---,---,52.2256275,0.1665703
1,2879.5,0.0,00:10:47.7,00:01:31.2,5.48,00:00:00.0,0.00,39.0,270,7.5,0.0,175,---,---,---,---,---,---,---,---,---,52.2255614,0.1665955
1,2888.1,0.0,00:10:49.2,00:01:31.4,5.47,00:00:00.0,0.00,36.5,271,8.6,0.0,175,---,---,---,---,---,---,---,---,---,52.2254867,0.1666268
1,2896.9,0.0,00:10:50.8,00:01:34.0,5.32,00:00:00.0,0.00,39.0,272,8.7,0.0,175,---,---,---,---,---,---,---,---,---,52.2254103,0.1666551
1,2905.2,0.0,00:10:52.4,00:01:33.8,5.33,00:00:00.0,0.00,37.5,273,8.3,0.0,175,---,---,---,---,---,---,---,---,---,52.2253374,0.1666845
1,2913.3,0.0,00:10:54.0,00:01:33.5,5.35,00:00:00.0,0.00,36.0,274,8.1,0.0,175,---,---,---,---,---,---,---,---,---,52.2252654,0.1667028
1,2921.6,0.0,00:10:55.6,00:01:35.1,5.26,00:00:00.0,0.00,37.5,275,8.3,0.0,175,---,---,---,---,---,---,---,---,---,52.2251920,0.1667265
1,2930.0,0.0,00:10:57.2,00:01:37.5,5.13,00:00:00.0,0.00,37.5,276,8.4,0.0,175,---,---,---,---,---,---,---,---,---,52.2251191,0.1667550
1,2939.0,0.0,00:10:59.0,00:01:37.7,5.12,00:00:00.0,0.00,36.5,277,9.0,0.0,176,---,---,---,---,---,---,---,---,---,52.2250405,0.1667888
1,2947.3,0.0,00:11:00.6,00:01:37.1,5.15,00:00:00.0,0.00,37.0,278,8.2,0.0,176,---,---,---,---,---,---,---,---,---,52.2249681,0.1668165
1,2955.5,0.0,00:11:02.4,00:01:37.8,5.11,00:00:00.0,0.00,37.5,279,8.2,0.0,176,---,---,---,---,---,---,---,---,---,52.2248969,0.1668470
1,2963.8,0.0,00:11:03.8,00:01:36.7,5.17,00:00:00.0,0.00,37.5,280,8.3,0.0,176,---,---,---,---,---,---,---,---,---,52.2248249,0.1668790
1,2971.2,0.0,00:11:05.4,00:01:36.3,5.19,00:00:00.0,0.00,37.5,281,7.4,0.0,176,---,---,---,---,---,---,---,---,---,52.2247604,0.1669033
1,2980.4,0.0,00:11:07.0,00:01:34.9,5.27,00:00:00.0,0.00,36.0,282,9.3,0.0,175,---,---,---,---,---,---,---,---,---,52.2246798,0.1669371
1,2986.9,0.0,00:11:08.4,00:01:34.5,5.29,00:00:00.0,0.00,37.5,283,6.5,0.0,174,---,---,---,---,---,---,---,---,---,52.2246223,0.1669537
1,2997.4,0.0,00:11:10.2,00:01:34.5,5.29,00:00:00.0,0.00,37.0,284,10.4,0.0,175,---,---,---,---,---,---,---,---,---,52.2245306,0.1669863
1,3005.1,0.0,00:11:11.7,00:01:33.3,5.36,00:00:00.0,0.00,37.5,285,7.7,0.0,175,---,---,---,---,---,---,---,---,---,52.2244630,0.1670097
1,3014.1,0.0,00:11:13.4,00:01:33.1,5.37,00:00:00.0,0.00,37.5,286,9.0,0.0,176,---,---,---,---,---,---,---,---,---,52.2243842,0.1670374
1,3022.4,0.0,00:11:15.0,00:01:34.9,5.27,00:00:00.0,0.00,37.5,287,8.3,0.0,176,---,---,---,---,---,---,---,---,---,52.2243114,0.1670648
1,3030.7,0.0,00:11:16.6,00:01:35.8,5.22,00:00:00.0,0.00,37.5,288,8.3,0.0,176,---,---,---,---,---,---,---,---,---,52.2242383,0.1670914
1,3038.2,0.0,00:11:18.0,00:01:34.9,5.27,00:00:00.0,0.00,37.5,289,7.5,0.0,176,---,---,---,---,---,---,---,---,---,52.2241717,0.1671107
1,3046.5,0.0,00:11:19.6,00:01:33.8,5.33,00:00:00.0,0.00,37.5,290,8.3,0.0,176,---,---,---,---,---,---,---,---,---,52.2240989,0.1671361
1,3055.0,0.0,00:11:21.2,00:01:34.0,5.32,00:00:00.0,0.00,38.0,291,8.5,0.0,176,---,---,---,---,---,---,---,---,---,52.2240242,0.1671628
1,3063.7,0.0,00:11:22.8,00:01:34.2,5.31,00:00:00.0,0.00,39.5,292,8.7,0.0,176,---,---,---,---,---,---,---,---,---,52.2239479,0.1671885
1,3072.3,0.0,00:11:24.4,00:01:33.1,5.37,00:00:00.0,0.00,37.5,293,8.6,0.0,176,---,---,---,---,---,---,---,---,---,52.2238719,0.1672089
1,3081.2,0.0,00:11:26.0,00:01:32.6,5.40,00:00:00.0,0.00,37.5,294,8.9,0.0,176,---,---,---,---,---,---,---,---,---,52.2237929,0.1672277
1,3088.8,0.0,00:11:27.4,00:01:30.6,5.52,00:00:00.0,0.00,38.0,295,7.6,0.0,176,---,---,---,---,---,---,---,---,---,52.2237250,0.1672422
1,3097.5,0.0,00:11:29.0,00:01:31.6,5.46,00:00:00.0,0.00,39.0,296,8.8,0.0,176,---,---,---,---,---,---,---,---,---,52.2236474,0.1672633
1,3106.0,0.0,00:11:30.6,00:01:31.4,5.47,00:00:00.0,0.00,37.5,297,8.4,0.0,176,---,---,---,---,---,---,---,---,---,52.2235718,0.1672796
1,3114.5,0.0,00:11:32.4,00:01:31.1,5.49,00:00:00.0,0.00,37.5,298,8.5,0.0,177,---,---,---,---,---,---,---,---,---,52.2234964,0.1672954
1,3123.0,0.0,00:11:33.8,00:01:32.1,5.43,00:00:00.0,0.00,37.5,299,8.5,0.0,176,---,---,---,---,---,---,---,---,---,52.2234205,0.1673063
1,3130.5,0.0,00:11:35.4,00:01:31.7,5.45,00:00:00.0,0.00,37.5,300,7.5,0.0,177,---,---,---,---,---,---,---,---,---,52.2233532,0.1673141
1,3139.3,0.0,00:11:37.0,00:01:32.6,5.40,00:00:00.0,0.00,37.5,301,8.8,0.0,176,---,---,---,---,---,---,---,---,---,52.2232738,0.1673128
1,3146.7,0.0,00:11:38.5,00:01:35.2,5.25,00:00:00.0,0.00,37.5,302,7.4,0.0,176,---,---,---,---,---,---,---,---,---,52.2232073,0.1673079
1,3155.8,0.0,00:11:40.2,00:01:36.7,5.17,00:00:00.0,0.00,37.5,303,9.1,0.0,177,---,---,---,---,---,---,---,---,---,52.2231263,0.1672914
1,3163.8,0.0,00:11:41.8,00:01:34.9,5.27,00:00:00.0,0.00,36.0,304,7.9,0.0,176,---,---,---,---,---,---,---,---,---,52.2230566,0.1672672
1,3171.4,0.0,00:11:43.4,00:01:36.9,5.16,00:00:00.0,0.00,37.0,305,7.7,0.0,176,---,---,---,---,---,---,---,---,---,52.2229906,0.1672349
1,3179.6,0.0,00:11:45.0,00:01:39.8,5.01,00:00:00.0,0.00,37.5,306,8.1,0.0,177,---,---,---,---,---,---,---,---,---,52.2229237,0.1671864
1,3187.5,0.0,00:11:46.6,00:01:38.4,5.08,00:00:00.0,0.00,36.0,307,7.9,0.0,177,---,---,---,---,---,---,---,---,---,52.2228605,0.1671331
1,3195.5,0.0,00:11:48.2,00:01:37.7,5.12,00:00:00.0,0.00,37.0,308,8.1,0.0,177,---,---,---,---,---,---,---,---,---,52.2227950,0.1670832
1,3203.5,0.0,00:11:49.8,00:01:38.6,5.07,00:00:00.0,0.00,37.5,309,8.0,0.0,177,---,---,---,---,---,---,---,---,---,52.2227362,0.1670164
1,3211.4,0.0,00:11:51.4,00:01:39.4,5.03,00:00:00.0,0.00,36.5,310,7.9,0.0,177,---,---,---,---,---,---,---,---,---,52.2226799,0.1669452
1,3220.4,0.0,00:11:53.5,00:01:39.2,5.04,00:00:00.0,0.00,37.0,311,9.0,0.0,177,---,---,---,---,---,---,---,---,---,52.2226175,0.1668630
1,3228.3,0.0,00:11:54.8,00:01:38.8,5.06,00:00:00.0,0.00,37.5,312,7.9,0.0,177,---,---,---,---,---,---,---,---,---,52.2225646,0.1667852
1,3235.6,0.0,00:11:56.4,00:01:39.2,5.04,00:00:00.0,0.00,36.0,313,7.3,0.0,177,---,---,---,---,---,---,---,---,---,52.2225199,0.1667065
1,3244.5,0.0,00:11:58.0,00:01:37.5,5.13,00:00:00.0,0.00,37.5,314,8.8,0.0,177,---,---,---,---,---,---,---,---,---,52.2224673,0.1666094
1,3251.7,0.0,00:11:59.5,00:01:36.9,5.16,00:00:00.0,0.00,36.0,315,7.3,0.0,177,---,---,---,---,---,---,---,---,---,52.2224274,0.1665245
1,3260.5,0.0,00:12:01.2,00:01:37.5,5.13,00:00:00.0,0.00,36.0,316,8.7,0.0,177,---,---,---,---,---,---,---,---,---,52.2223819,0.1664202
1,3268.5,0.0,00:12:02.8,00:01:39.6,5.02,00:00:00.0,0.00,37.0,317,8.0,0.0,177,---,---,---,---,---,---,---,---,---,52.2223430,0.1663209
1,3277.6,0.0,00:12:04.6,00:01:40.0,5.00,00:00:00.0,0.00,36.0,318,9.1,0.0,177,---,---,---,---,---,---,---,---,---,52.2222999,0.1662077
1,3285.5,0.0,00:12:06.2,00:01:37.8,5.11,00:00:00.0,0.00,37.5,319,7.9,0.0,177,---,---,---,---,---,---,---,---,---,52.2222660,0.1661058
1,3293.5,0.0,00:12:07.8,00:01:40.4,4.98,00:00:00.0,0.00,36.0,320,8.0,0.0,177,---,---,---,---,---,---,---,---,---,52.2222349,0.1660002
1,3301.4,0.0,00:12:09.4,00:01:42.7,4.87,00:00:00.0,0.00,36.0,321,8.0,0.0,177,---,---,---,---,---,---,---,---,---,52.2222039,0.1658954
1,3309.3,0.0,00:12:11.0,00:01:41.8,4.91,00:00:00.0,0.00,37.5,322,7.9,0.0,177,---,---,---,---,---,---,---,---,---,52.2221755,0.1657894
1,3318.2,0.0,00:12:12.8,00:01:40.2,4.99,00:00:00.0,0.00,36.0,323,8.8,0.0,177,---,---,---,---,---,---,---,---,---,52.2221448,0.1656699
1,3325.5,0.0,00:12:14.4,00:01:39.4,5.03,00:00:00.0,0.00,36.0,324,7.3,0.0,177,---,---,---,---,---,---,---,---,---,52.2221216,0.1655696
1,3334.2,0.0,00:12:16.0,00:01:38.2,5.09,00:00:00.0,0.00,36.0,325,8.8,0.0,177,---,---,---,---,---,---,---,---,---,52.2220936,0.1654498
1,3342.3,0.0,00:12:17.7,00:01:38.6,5.07,00:00:00.0,0.00,36.0,326,8.1,0.0,177,---,---,---,---,---,---,---,---,---,52.2220668,0.1653392
1,3351.3,0.0,00:12:19.4,00:01:38.8,5.06,00:00:00.0,0.00,36.0,327,9.0,0.0,177,---,---,---,---,---,---,---,---,---,52.2220375,0.1652158
1,3359.7,0.0,00:12:21.0,00:01:38.0,5.10,00:00:00.0,0.00,35.5,328,8.3,0.0,178,---,---,---,---,---,---,---,---,---,52.2220091,0.1651030
1,3368.7,0.0,00:12:22.8,00:01:37.8,5.11,00:00:00.0,0.00,36.0,329,9.0,0.0,177,---,---,---,---,---,---,---,---,---,52.2219802,0.1649794
1,3376.9,0.0,00:12:24.4,00:01:39.0,5.05,00:00:00.0,0.00,36.0,330,8.2,0.0,177,---,---,---,---,---,---,---,---,---,52.2219547,0.1648671
1,3385.7,0.0,00:12:26.4,00:01:40.0,5.00,00:00:00.0,0.00,34.0,331,8.8,0.0,178,---,---,---,---,---,---,---,---,---,52.2219270,0.1647460
1,3393.8,0.0,00:12:27.8,00:01:39.2,5.04,00:00:00.0,0.00,36.0,332,8.2,0.0,177,---,---,---,---,---,---,---,---,---,52.2218976,0.1646361
1,3401.0,0.0,00:12:29.4,00:01:38.8,5.06,00:00:00.0,0.00,34.5,333,7.1,0.0,178,---,---,---,---,---,---,---,---,---,52.2218726,0.1645397
1,3410.8,0.0,00:12:31.2,00:01:36.9,5.16,00:00:00.0,0.00,35.5,334,9.8,0.0,178,---,---,---,---,---,---,---,---,---,52.2218371,0.1644086
1,3419.2,0.0,00:12:33.0,00:01:38.6,5.07,00:00:00.0,0.00,36.0,335,8.5,0.0,177,---,---,---,---,---,---,---,---,---,52.2218092,0.1642929
1,3427.1,0.0,00:12:34.6,00:01:42.0,4.90,00:00:00.0,0.00,34.0,336,7.9,0.0,177,---,---,---,---,---,---,---,---,---,52.2217810,0.1641870
1,3436.1,0.0,00:12:36.4,00:01:43.3,4.84,00:00:00.0,0.00,36.0,337,9.0,0.0,177,---,---,---,---,---,---,---,---,---,52.2217497,0.1640660
1,3444.2,0.0,00:12:38.0,00:01:41.0,4.95,00:00:00.0,0.00,34.0,338,8.1,0.0,177,---,---,---,---,---,---,---,---,---,52.2217177,0.1639594
1,3452.9,0.0,00:12:39.8,00:01:39.8,5.01,00:00:00.0,0.00,34.0,339,8.8,0.0,176,---,---,---,---,---,---,---,---,---,52.2216814,0.1638451
1,3460.1,0.0,00:12:41.4,00:01:41.0,4.95,00:00:00.0,0.00,36.0,340,7.2,0.0,176,---,---,---,---,---,---,---,---,---,52.2216541,0.1637498
1,3469.6,0.0,00:12:43.2,00:01:38.8,5.06,00:00:00.0,0.00,34.0,341,9.5,0.0,177,---,---,---,---,---,---,---,---,---,52.2216179,0.1636238
1,3478.5,0.0,00:12:45.0,00:01:39.4,5.03,00:00:00.0,0.00,34.0,342,8.9,0.0,176,---,---,---,---,---,---,---,---,---,52.2215809,0.1635081
1,3486.6,0.0,00:12:46.6,00:01:41.2,4.94,00:00:00.0,0.00,36.0,343,8.1,0.0,176,---,---,---,---,---,---,---,---,---,52.2215508,0.1633999
1,3495.4,0.0,00:12:48.4,00:01:40.2,4.99,00:00:00.0,0.00,34.0,344,8.8,0.0,176,---,---,---,---,---,---,---,---,---,52.2215158,0.1632842
1,3504.0,0.0,00:12:50.4,00:01:40.8,4.96,00:00:00.0,0.00,34.0,345,8.6,0.0,176,---,---,---,---,---,---,---,---,---,52.2214821,0.1631713
1,3511.9,0.0,00:12:51.8,00:01:41.8,4.91,00:00:00.0,0.00,34.0,346,8.0,0.0,175,---,---,---,---,---,---,---,---,---,52.2214504,0.1630665
1,3519.9,0.0,00:12:53.5,00:01:41.2,4.94,00:00:00.0,0.00,34.0,347,8.0,0.0,176,---,---,---,---,---,---,---,---,---,52.2214214,0.1629592
1,3529.1,0.0,00:12:55.4,00:01:41.2,4.94,00:00:00.0,0.00,34.0,348,9.2,0.0,176,---,---,---,---,---,---,---,---,---,52.2213869,0.1628370
1,3537.5,0.0,00:12:57.2,00:01:44.6,4.78,00:00:00.0,0.00,34.0,349,8.4,0.0,176,---,---,---,---,---,---,---,---,---,52.2213580,0.1627240
1,3545.8,0.0,00:12:59.0,00:01:46.6,4.69,00:00:00.0,0.00,34.0,350,8.3,0.0,176,---,---,---,---,---,---,---,---,---,52.2213298,0.1626116
1,3554.2,0.0,00:13:00.8,00:01:47.5,4.65,00:00:00.0,0.00,32.5,351,8.4,0.0,176,---,---,---,---,---,---,---,---,---,52.2212989,0.1624992
1,3561.2,0.0,00:13:02.4,00:01:46.6,4.69,00:00:00.0,0.00,34.0,352,7.0,0.0,176,---,---,---,---,---,---,---,---,---,52.2212692,0.1624086
1,3570.4,0.0,00:13:04.2,00:01:42.7,4.87,00:00:00.0,0.00,32.5,353,9.2,0.0,175,---,---,---,---,---,---,---,---,---,52.2212323,0.1622881
1,3578.7,0.0,00:13:06.0,00:01:42.5,4.88,00:00:00.0,0.00,34.0,354,8.4,0.0,176,---,---,---,---,---,---,---,---,---,52.2212013,0.1621764
1,3587.5,0.0,00:13:07.8,00:01:43.5,4.83,00:00:00.0,0.00,33.0,355,8.8,0.0,175,---,---,---,---,---,---,---,---,---,52.2211631,0.1620636
1,3595.9,0.0,00:13:09.6,00:01:44.4,4.79,00:00:00.0,0.00,34.0,356,8.4,0.0,175,---,---,---,---,---,---,---,---,---,52.2211308,0.1619525
1,3603.5,0.0,00:13:11.5,00:01:45.5,4.74,00:00:00.0,0.00,32.5,357,7.7,0.0,175,---,---,---,---,---,---,---,---,---,52.2211028,0.1618501
1,3612.5,0.0,00:13:13.2,00:01:45.5,4.74,00:00:00.0,0.00,34.0,358,8.9,0.0,174,---,---,---,---,---,---,---,---,---,52.2210731,0.1617287
1,3620.9,0.0,00:13:15.0,00:01:47.3,4.66,00:00:00.0,0.00,32.5,359,8.4,0.0,175,---,---,---,---,---,---,---,---,---,52.2210419,0.1616156
1,3629.1,0.0,00:13:16.8,00:01:48.2,4.62,00:00:00.0,0.00,32.5,360,8.2,0.0,175,---,---,---,---,---,---,---,---,---,52.2210127,0.1615054
1,3637.4,0.0,00:13:18.6,00:01:49.2,4.58,00:00:00.0,0.00,32.5,361,8.3,0.0,175,---,---,---,---,---,---,---,---,---,52.2209849,0.1613925
1,3645.0,0.0,00:13:20.4,00:01:48.9,4.59,00:00:00.0,0.00,34.0,362,7.6,0.0,175,---,---,---,---,---,---,---,---,---,52.2209618,0.1612872
1,3654.2,0.0,00:13:22.2,00:01:45.0,4.76,00:00:00.0,0.00,32.5,363,9.1,0.0,175,---,---,---,---,---,---,---,---,---,52.2209338,0.1611613
1,3662.3,0.0,00:13:24.0,00:01:46.6,4.69,00:00:00.0,0.00,32.5,364,8.1,0.0,175,---,---,---,---,---,---,---,---,---,52.2209067,0.1610504
1,3671.1,0.0,00:13:25.8,00:01:47.5,4.65,00:00:00.0,0.00,32.5,365,8.8,0.0,175,---,---,---,---,---,---,---,---,---,52.2208713,0.1609353
1,3679.6,0.0,00:13:27.6,00:01:46.2,4.71,00:00:00.0,0.00,32.5,366,8.5,0.0,175,---,---,---,---,---,---,---,---,---,52.2208430,0.1608199
1,3687.5,0.0,00:13:29.4,00:01:46.6,4.69,00:00:00.0,0.00,34.0,367,7.9,0.0,175,---,---,---,---,---,---,---,---,---,52.2208189,0.1607107
1,3697.7,0.0,00:13:31.4,00:01:43.9,4.81,00:00:00.0,0.00,32.5,368,10.2,0.0,175,---,---,---,---,---,---,---,---,---,52.2207863,0.1605697
1,3706.5,0.0,00:13:33.2,00:01:43.1,4.85,00:00:00.0,0.00,31.5,369,8.8,0.0,175,---,---,---,---,---,---,---,---,---,52.2207585,0.1604492
1,3715.0,0.0,00:13:35.0,00:01:45.7,4.73,00:00:00.0,0.00,32.5,370,8.5,0.0,175,---,---,---,---,---,---,---,---,---,52.2207348,0.1603307
1,3723.4,0.0,00:13:36.8,00:01:45.7,4.73,00:00:00.0,0.00,32.5,371,8.3,0.0,174,---,---,---,---,---,---,---,---,---,52.2207131,0.1602137
1,3730.8,0.0,00:13:38.6,00:01:46.4,4.70,00:00:00.0,0.00,34.0,372,7.4,0.0,174,---,---,---,---,---,---,---,---,---,52.2206995,0.1601072
1,3739.9,0.0,00:13:40.4,00:01:45.7,4.73,00:00:00.0,0.00,32.5,373,9.1,0.0,174,---,---,---,---,---,---,---,---,---,52.2206765,0.1599786
1,3748.5,0.0,00:13:42.2,00:01:44.2,4.80,00:00:00.0,0.00,32.5,374,8.6,0.0,175,---,---,---,---,---,---,---,---,---,52.2206548,0.1598578
1,3757.1,0.0,00:13:44.0,00:01:44.8,4.77,00:00:00.0,0.00,32.5,375,8.6,0.0,174,---,---,---,---,---,---,---,---,---,52.2206348,0.1597357
1,3766.4,0.0,00:13:46.0,00:01:44.8,4.77,00:00:00.0,0.00,32.5,376,9.3,0.0,174,---,---,---,---,---,---,---,---,---,52.2206120,0.1596049
1,3774.1,0.0,00:13:47.7,00:01:45.0,4.76,00:00:00.0,0.00,32.5,377,7.7,0.0,174,---,---,---,---,---,---,---,---,---,52.2205920,0.1594968
1,3783.4,0.0,00:13:49.6,00:01:45.0,4.76,00:00:00.0,0.00,32.5,378,9.3,0.0,174,---,---,---,---,---,---,---,---,---,52.2205724,0.1593635
1,3792.1,0.0,00:13:51.4,00:01:45.5,4.74,00:00:00.0,0.00,32.5,379,8.7,0.0,174,---,---,---,---,---,---,---,---,---,52.2205533,0.1592400
1,3800.4,0.0,00:13:53.4,00:01:45.9,4.72,00:00:00.0,0.00,31.5,380,8.3,0.0,175,---,---,---,---,---,---,---,---,---,52.2205351,0.1591222
1,3809.0,0.0,00:13:55.0,00:01:46.2,4.71,00:00:00.0,0.00,32.5,381,8.6,0.0,175,---,---,---,---,---,---,---,---,---,52.2205159,0.1589999
1,3818.2,0.0,00:13:57.0,00:01:46.8,4.68,00:00:00.0,0.00,32.5,382,9.2,0.0,175,---,---,---,---,---,---,---,---,---,52.2204970,0.1588688
1,3826.9,0.0,00:13:58.8,00:01:46.6,4.69,00:00:00.0,0.00,31.5,383,8.7,0.0,175,---,---,---,---,---,---,---,---,---,52.2204729,0.1587473
1,3836.3,0.0,00:14:00.8,00:01:45.0,4.76,00:00:00.0,0.00,32.5,384,9.4,0.0,175,---,---,---,---,---,---,---,---,---,52.2204535,0.1586142
1,3843.8,0.0,00:14:02.6,00:01:45.3,4.75,00:00:00.0,0.00,31.5,385,7.5,0.0,175,---,---,---,---,---,---,---,---,---,52.2204411,0.1585057
1,3853.4,0.0,00:14:04.4,00:01:44.8,4.77,00:00:00.0,0.00,32.5,386,9.6,0.0,175,---,---,---,---,---,---,---,---,---,52.2204252,0.1583676
1,3862.6,0.0,00:14:06.4,00:01:43.9,4.81,00:00:00.0,0.00,31.5,387,9.2,0.0,175,---,---,---,---,---,---,---,---,---,52.2204074,0.1582352
1,3870.9,0.0,00:14:08.5,00:01:46.4,4.70,00:00:00.0,0.00,31.5,388,8.3,0.0,174,---,---,---,---,---,---,---,---,---,52.2203906,0.1581161
1,3879.9,0.0,00:14:10.2,00:01:47.1,4.67,00:00:00.0,0.00,31.5,389,9.0,0.0,174,---,---,---,---,---,---,---,---,---,52.2203712,0.1579884
1,3888.3,0.0,00:14:12.0,00:01:47.8,4.64,00:00:00.0,0.00,31.5,390,8.4,0.0,174,---,---,---,---,---,---,---,---,---,52.2203499,0.1578701
1,3896.9,0.0,00:14:13.8,00:01:48.7,4.60,00:00:00.0,0.00,32.5,391,8.6,0.0,174,---,---,---,---,---,---,---,---,---,52.2203313,0.1577475
1,3906.0,0.0,00:14:15.8,00:01:47.8,4.64,00:00:00.0,0.00,31.5,392,9.1,0.0,174,---,---,---,---,---,---,---,---,---,52.2203128,0.1576172
1,3913.7,0.0,00:14:17.6,00:01:47.1,4.67,00:00:00.0,0.00,31.5,393,7.7,0.0,173,---,---,---,---,---,---,---,---,---,52.2202961,0.1575081
1,3923.7,0.0,00:14:19.6,00:01:45.9,4.72,00:00:00.0,0.00,32.5,394,9.9,0.0,173,---,---,---,---,---,---,---,---,---,52.2202785,0.1573651
1,3932.1,0.0,00:14:21.4,00:01:46.8,4.68,00:00:00.0,0.00,31.5,395,8.5,0.0,173,---,---,---,---,---,---,---,---,---,52.2202620,0.1572439
1,3940.6,0.0,00:14:23.5,00:01:47.3,4.66,00:00:00.0,0.00,31.5,396,8.4,0.0,173,---,---,---,---,---,---,---,---,---,52.2202425,0.1571241
1,3949.9,0.0,00:14:25.2,00:01:45.3,4.75,00:00:00.0,0.00,31.5,397,9.3,0.0,172,---,---,---,---,---,---,---,---,---,52.2202248,0.1569911
1,3958.4,0.0,00:14:27.0,00:01:46.4,4.70,00:00:00.0,0.00,31.5,398,8.5,0.0,172,---,---,---,---,---,---,---,---,---,52.2202139,0.1568671
1,3966.0,0.0,00:14:29.0,00:01:54.2,4.38,00:00:00.0,0.00,31.5,399,7.6,0.0,172,---,---,---,---,---,---,---,---,---,52.2201981,0.1567586
1,3973.7,0.0,00:14:31.0,00:02:05.3,3.99,00:00:00.0,0.00,31.5,400,7.7,0.0,172,---,---,---,---,---,---,---,---,---,52.2201658,0.1566862
1,3980.8,0.0,00:14:32.8,00:02:30.1,3.33,00:00:00.0,0.00,31.5,401,7.1,0.0,172,---,---,---,---,---,---,---,---,---,52.2201145,0.1566227
1,3986.8,0.0,00:14:34.8,00:02:38.7,3.15,00:00:00.0,0.00,31.5,402,6.0,0.0,172,---,---,---,---,---,---,---,---,---,52.2201312,0.1565355
1,3992.7,0.0,00:14:36.6,00:02:44.5,3.04,00:00:00.0,0.00,31.5,403,5.9,0.0,173,---,---,---,---,---,---,---,---,---,52.2201272,0.1564485
1,4000.8,0.0,00:14:38.5,00:02:46.7,3.00,00:00:00.0,0.00,31.5,404,8.1,0.0,173,---,---,---,---,---,---,---,---,---,52.2201149,0.1563309
1,4011.9,0.0,00:14:40.4,00:02:06.3,3.96,00:00:00.0,0.00,31.5,405,11.1,0.0,173,---,---,---,---,---,---,---,---,---,52.2200828,0.1561775
1,4023.1,0.0,00:14:42.4,00:01:48.9,4.59,00:00:00.0,0.00,31.5,406,11.3,0.0,173,---,---,---,---,---,---,---,---,---,52.2200675,0.1560144
1,4032.7,0.0,00:14:44.4,00:01:48.9,4.59,00:00:00.0,0.00,31.5,407,9.6,0.0,173,---,---,---,---,---,---,---,---,---,52.2200513,0.1558764
1,4043.1,0.0,00:14:46.2,00:01:48.9,4.59,00:00:00.0,0.00,31.5,408,10.4,0.0,173,---,---,---,---,---,---,---,---,---,52.2200286,0.1557285
1,4052.5,0.0,00:14:48.0,00:01:50.1,4.54,00:00:00.0,0.00,31.5,409,9.4,0.0,173,---,---,---,---,---,---,---,---,---,52.2200015,0.1555980
1,4062.8,0.0,00:14:50.0,00:01:49.9,4.55,00:00:00.0,0.00,31.5,410,10.3,0.0,173,---,---,---,---,---,---,---,---,---,52.2199709,0.1554557
1,4071.6,0.0,00:14:51.8,00:01:47.8,4.64,00:00:00.0,0.00,31.5,411,8.8,0.0,173,---,---,---,---,---,---,---,---,---,52.2199410,0.1553355
1,4081.3,0.0,00:14:53.8,00:01:48.0,4.63,00:00:00.0,0.00,30.0,412,9.7,0.0,172,---,---,---,---,---,---,---,---,---,52.2199054,0.1552054
1,4090.9,0.0,00:14:55.8,00:01:48.7,4.60,00:00:00.0,0.00,31.5,413,9.5,0.0,172,---,---,---,---,---,---,---,---,---,52.2198686,0.1550792
1,4100.1,0.0,00:14:57.8,00:01:51.1,4.50,00:00:00.0,0.00,31.5,414,9.3,0.0,172,---,---,---,---,---,---,---,---,---,52.2198319,0.1549572
1,4108.8,0.0,00:14:59.7,00:01:51.6,4.48,00:00:00.0,0.00,30.0,415,8.7,0.0,172,---,---,---,---,---,---,---,---,---,52.2197947,0.1548453
1,4118.1,0.0,00:15:01.6,00:01:48.9,4.59,00:00:00.0,0.00,30.0,416,9.3,0.0,172,---,---,---,---,---,---,---,---,---,52.2197559,0.1547254
1,4127.4,0.0,00:15:03.6,00:01:49.4,4.57,00:00:00.0,0.00,30.0,417,9.3,0.0,171,---,---,---,---,---,---,---,---,---,52.2197142,0.1546071
1,4135.9,0.0,00:15:05.6,00:01:51.1,4.50,00:00:00.0,0.00,30.0,418,8.5,0.0,171,---,---,---,---,---,---,---,---,---,52.2196763,0.1544992
1,4145.6,0.0,00:15:07.6,00:01:49.9,4.55,00:00:00.0,0.00,31.5,419,9.7,0.0,171,---,---,---,---,---,---,---,---,---,52.2196342,0.1543744
1,4154.6,0.0,00:15:09.6,00:01:52.4,4.45,00:00:00.0,0.00,30.0,420,9.1,0.0,171,---,---,---,---,---,---,---,---,---,52.2195932,0.1542597
1,4162.4,0.0,00:15:11.5,00:01:53.9,4.39,00:00:00.0,0.00,30.0,421,7.8,0.0,171,---,---,---,---,---,---,---,---,---,52.2195583,0.1541614
1,4172.2,0.0,00:15:13.4,00:01:49.6,4.56,00:00:00.0,0.00,30.0,422,9.8,0.0,171,---,---,---,---,---,---,---,---,---,52.2195131,0.1540377
1,4181.2,0.0,00:15:15.4,00:01:50.4,4.53,00:00:00.0,0.00,30.0,423,9.0,0.0,171,---,---,---,---,---,---,---,---,---,52.2194745,0.1539224
1,4189.5,0.0,00:15:17.5,00:01:52.9,4.43,00:00:00.0,0.00,30.0,424,8.3,0.0,171,---,---,---,---,---,---,---,---,---,52.2194373,0.1538169
1,4200.1,0.0,00:15:19.6,00:01:49.9,4.55,00:00:00.0,0.00,29.0,425,10.6,0.0,170,---,---,---,---,---,---,---,---,---,52.2193860,0.1536851
1,4209.1,0.0,00:15:21.6,00:01:49.9,4.55,00:00:00.0,0.00,30.0,426,9.0,0.0,170,---,---,---,---,---,---,---,---,---,52.2193437,0.1535724
1,4217.4,0.0,00:15:23.6,00:01:51.9,4.47,00:00:00.0,0.00,29.0,427,8.3,0.0,170,---,---,---,---,---,---,---,---,---,52.2193057,0.1534677
1,4227.0,0.0,00:15:25.6,00:01:51.1,4.50,00:00:00.0,0.00,30.0,428,9.6,0.0,170,---,---,---,---,---,---,---,---,---,52.2192659,0.1533432
1,4235.9,0.0,00:15:27.6,00:01:52.4,4.45,00:00:00.0,0.00,29.0,429,8.9,0.0,169,---,---,---,---,---,---,---,---,---,52.2192271,0.1532293
1,4245.1,0.0,00:15:29.7,00:01:53.1,4.42,00:00:00.0,0.00,29.0,430,9.2,0.0,170,---,---,---,---,---,---,---,---,---,52.2191846,0.1531141
1,4254.7,0.0,00:15:31.8,00:01:51.1,4.50,00:00:00.0,0.00,29.0,431,9.6,0.0,169,---,---,---,---,---,---,---,---,---,52.2191454,0.1529889
1,4263.8,0.0,00:15:33.8,00:01:53.1,4.42,00:00:00.0,0.00,30.0,432,9.1,0.0,169,---,---,---,---,---,---,---,---,---,52.2191080,0.1528703
1,4272.8,0.0,00:15:35.8,00:01:53.9,4.39,00:00:00.0,0.00,29.0,433,9.0,0.0,169,---,---,---,---,---,---,---,---,---,52.2190696,0.1527539
1,4282.2,0.0,00:15:38.0,00:01:51.6,4.48,00:00:00.0,0.00,29.0,434,9.5,0.0,169,---,---,---,---,---,---,---,---,---,52.2190360,0.1526262
1,4291.0,0.0,00:15:40.0,00:01:54.7,4.36,00:00:00.0,0.00,29.0,435,8.8,0.0,168,---,---,---,---,---,---,---,---,---,52.2190031,0.1525090
1,4301.5,0.0,00:15:42.6,00:01:59.6,4.18,00:00:00.0,0.00,25.0,436,10.5,0.0,168,---,---,---,---,---,---,---,---,---,52.2189701,0.1523649
1,4311.2,0.0,00:15:45.2,00:02:07.6,3.92,00:00:00.0,0.00,21.5,437,9.7,0.0,168,---,---,---,---,---,---,---,---,---,52.2189393,0.1522316
1,4320.9,0.0,00:15:48.2,00:02:23.3,3.49,00:00:00.0,0.00,21.0,438,9.6,0.0,166,---,---,---,---,---,---,---,---,---,52.2189106,0.1520988
1,4329.8,0.0,00:15:51.2,00:02:43.4,3.06,00:00:00.0,0.00,19.0,439,9.0,0.0,164,---,---,---,---,---,---,---,---,---,52.2188857,0.1519735
1,4338.5,0.0,00:15:54.4,00:02:57.3,2.82,00:00:00.0,0.00,18.5,440,8.7,0.0,163,---,---,---,---,---,---,---,---,---,52.2188652,0.1518507
1,4347.4,0.0,00:15:57.8,00:03:07.3,2.67,00:00:00.0,0.00,18.0,441,8.9,0.0,161,---,---,---,---,---,---,---,---,---,52.2188476,0.1517240
1,4356.0,0.0,00:16:01.2,00:03:16.9,2.54,00:00:00.0,0.00,17.5,442,8.6,0.0,160,---,---,---,---,---,---,---,---,---,52.2188292,0.1516012
1,4364.0,0.0,00:16:04.6,00:03:27.5,2.41,00:00:00.0,0.00,17.5,443,8.0,0.0,158,---,---,---,---,---,---,---,---,---,52.2188134,0.1514870
1,4372.3,0.0,00:16:08.5,00:03:37.4,2.30,00:00:00.0,0.00,16.5,444,8.3,0.0,156,---,---,---,---,---,---,---,---,---,52.2187920,0.1513703
1,4380.4,0.0,00:16:11.7,00:03:36.4,2.31,00:00:00.0,0.00,16.5,445,8.1,0.0,154,---,---,---,---,---,---,---,---,---,52.2187639,0.1512600
1,4388.9,0.0,00:16:15.4,00:03:31.9,2.36,00:00:00.0,0.00,16.5,446,8.5,0.0,151,---,---,---,---,---,---,---,---,---,52.2187445,0.1511396
1,4397.1,0.0,00:16:18.8,00:03:32.8,2.35,00:00:00.0,0.00,17.0,447,8.1,0.0,150,---,---,---,---,---,---,---,---,---,52.2187209,0.1510261
1,4406.0,0.0,00:16:22.6,00:03:32.8,2.35,00:00:00.0,0.00,16.5,448,8.9,0.0,148,---,---,---,---,---,---,---,---,---,52.2186948,0.1509031
1,4414.2,0.0,00:16:26.5,00:03:35.5,2.32,00:00:00.0,0.00,16.5,449,8.2,0.0,144,---,---,---,---,---,---,---,---,---,52.2186679,0.1507910
1,4422.6,0.0,00:16:29.8,00:03:35.5,2.32,00:00:00.0,0.00,16.5,450,8.5,0.0,142,---,---,---,---,---,---,---,---,---,52.2186386,0.1506763
1,4430.9,0.0,00:16:33.4,00:03:33.7,2.34,00:00:00.0,0.00,16.5,451,8.3,0.0,140,---,---,---,---,---,---,---,---,---,52.2186095,0.1505645
1,4439.9,0.0,00:16:37.2,00:03:32.8,2.35,00:00:00.0,0.00,16.0,452,9.0,0.0,138,---,---,---,---,---,---,---,---,---,52.2185740,0.1504463
1,4449.2,0.0,00:16:41.0,00:03:28.3,2.40,00:00:00.0,0.00,15.5,453,9.3,0.0,137,---,---,---,---,---,---,---,---,---,52.2185364,0.1503246
1,4457.4,0.0,00:16:44.6,00:03:27.5,2.41,00:00:00.0,0.00,16.5,454,8.2,0.0,136,---,---,---,---,---,---,---,---,---,52.2185060,0.1502147
1,4466.7,0.0,00:16:48.2,00:03:28.3,2.40,00:00:00.0,0.00,16.5,455,9.3,0.0,133,---,---,---,---,---,---,---,---,---,52.2184691,0.1500932
1,4475.3,0.0,00:16:51.8,00:03:26.6,2.42,00:00:00.0,0.00,16.5,456,8.6,0.0,135,---,---,---,---,---,---,---,---,---,52.2184353,0.1499789
1,4484.1,0.0,00:16:55.4,00:03:27.5,2.41,00:00:00.0,0.00,16.5,457,8.7,0.0,137,---,---,---,---,---,---,---,---,---,52.2184054,0.1498605
1,4493.1,0.0,00:16:59.0,00:03:26.6,2.42,00:00:00.0,0.00,16.5,458,9.0,0.0,135,---,---,---,---,---,---,---,---,---,52.2183712,0.1497412
1,4502.0,0.0,00:17:02.5,00:03:16.9,2.54,00:00:00.0,0.00,17.0,459,8.9,0.0,133,---,---,---,---,---,---,---,---,---,52.2183363,0.1496229
1,4512.7,0.0,00:17:06.0,00:03:01.8,2.75,00:00:00.0,0.00,17.0,460,10.7,0.0,133,---,---,---,---,---,---,---,---,---,52.2183021,0.1494764
1,4522.5,0.0,00:17:09.4,00:02:54.2,2.87,00:00:00.0,0.00,17.5,461,9.8,0.0,132,---,---,---,---,---,---,---,---,---,52.2182708,0.1493421
1,4532.7,0.0,00:17:12.8,00:02:52.4,2.90,00:00:00.0,0.00,18.0,462,10.2,0.0,133,---,---,---,---,---,---,---,---,---,52.2182392,0.1492022
1,4543.1,0.0,00:17:16.2,00:02:47.2,2.99,00:00:00.0,0.00,17.5,463,10.5,0.0,135,---,---,---,---,---,---,---,---,---,52.2182028,0.1490604
1,4553.7,0.0,00:17:19.6,00:02:43.4,3.06,00:00:00.0,0.00,18.0,464,10.5,0.0,137,---,---,---,---,---,---,---,---,---,52.2181690,0.1489167
1,4564.1,0.0,00:17:23.0,00:02:43.4,3.06,00:00:00.0,0.00,17.5,465,10.5,0.0,137,---,---,---,---,---,---,---,---,---,52.2181323,0.1487750
1,4574.0,0.0,00:17:26.5,00:02:45.6,3.02,00:00:00.0,0.00,17.5,466,9.9,0.0,137,---,---,---,---,---,---,---,---,---,52.2180984,0.1486412
1,4584.2,0.0,00:17:29.7,00:02:46.7,3.00,00:00:00.0,0.00,17.5,467,10.1,0.0,137,---,---,---,---,---,---,---,---,---,52.2180690,0.1485003
1,4595.0,0.0,00:17:33.2,00:02:47.2,2.99,00:00:00.0,0.00,17.5,468,10.8,0.0,137,---,---,---,---,---,---,---,---,---,52.2180422,0.1483478
1,4604.9,0.0,00:17:36.4,00:02:47.8,2.98,00:00:00.0,0.00,18.0,469,9.8,0.0,138,---,---,---,---,---,---,---,---,---,52.2180165,0.1482095
1,4615.6,0.0,00:17:40.0,00:02:47.8,2.98,00:00:00.0,0.00,17.5,470,10.8,0.0,139,---,---,---,---,---,---,---,---,---,52.2179920,0.1480571
1,4625.4,0.0,00:17:43.2,00:02:47.2,2.99,00:00:00.0,0.00,17.5,471,9.8,0.0,139,---,---,---,---,---,---,---,---,---,52.2179657,0.1479195
1,4636.2,0.0,00:17:46.8,00:02:47.2,2.99,00:00:00.0,0.00,17.5,472,10.8,0.0,137,---,---,---,---,---,---,---,---,---,52.2179423,0.1477657
1,4646.9,0.0,00:17:50.5,00:02:44.5,3.04,00:00:00.0,0.00,17.5,473,10.7,0.0,137,---,---,---,---,---,---,---,---,---,52.2179158,0.1476150
1,4657.1,0.0,00:17:53.5,00:02:38.7,3.15,00:00:00.0,0.00,18.0,474,10.1,0.0,137,---,---,---,---,---,---,---,---,---,52.2178815,0.1474770
1,4669.0,0.0,00:17:56.9,00:02:32.0,3.29,00:00:00.0,0.00,18.0,475,11.9,0.0,137,---,---,---,---,---,---,---,---,---,52.2178462,0.1473121
1,4680.7,0.0,00:18:00.2,00:02:27.1,3.40,00:00:00.0,0.00,18.0,476,11.8,0.0,137,---,---,---,---,---,---,---,---,---,52.2178143,0.1471475
1,4692.4,0.0,00:18:03.7,00:02:27.1,3.40,00:00:00.0,0.00,18.0,477,11.6,0.0,139,---,---,---,---,---,---,---,---,---,52.2177828,0.1469851
1,4703.7,0.0,00:18:06.8,00:02:26.2,3.42,00:00:00.0,0.00,18.0,478,11.3,0.0,140,---,---,---,---,---,---,---,---,---,52.2177458,0.1468304
1,4715.5,0.0,00:18:10.2,00:02:24.1,3.47,00:00:00.0,0.00,17.5,479,11.8,0.0,140,---,---,---,---,---,---,---,---,---,52.2177120,0.1466670
1,4727.2,0.0,00:18:13.6,00:02:24.5,3.46,00:00:00.0,0.00,17.5,480,11.8,0.0,140,---,---,---,---,---,---,---,---,---,52.2176706,0.1465080
1,4738.8,0.0,00:18:17.0,00:02:25.8,3.43,00:00:00.0,0.00,18.0,481,11.6,0.0,141,---,---,---,---,---,---,---,---,---,52.2176262,0.1463542
1,4750.2,0.0,00:18:20.5,00:02:25.8,3.43,00:00:00.0,0.00,18.0,482,11.3,0.0,141,---,---,---,---,---,---,---,---,---,52.2175677,0.1462185
1,4761.7,0.0,00:18:23.7,00:02:24.1,3.47,00:00:00.0,0.00,18.0,483,11.5,0.0,142,---,---,---,---,---,---,---,---,---,52.2175007,0.1460897
1,4772.7,0.0,00:18:27.0,00:02:25.3,3.44,00:00:00.0,0.00,17.5,484,11.0,0.0,142,---,---,---,---,---,---,---,---,---,52.2174385,0.1459642
1,4782.6,0.0,00:18:30.4,00:02:32.4,3.28,00:00:00.0,0.00,18.0,485,9.9,0.0,142,---,---,---,---,---,---,---,---,---,52.2173631,0.1458837
1,4793.9,0.0,00:18:33.8,00:02:38.2,3.16,00:00:00.0,0.00,18.0,486,11.3,0.0,144,---,---,---,---,---,---,---,---,---,52.2172705,0.1458146
1,4806.0,0.0,00:18:37.2,00:02:37.2,3.18,00:00:00.0,0.00,17.5,487,12.1,0.0,144,---,---,---,---,---,---,---,---,---,52.2171669,0.1457607
1,4818.1,0.0,00:18:40.6,00:02:32.0,3.29,00:00:00.0,0.00,17.5,488,12.1,0.0,144,---,---,---,---,---,---,---,---,---,52.2170638,0.1457028
1,4830.3,0.0,00:18:44.0,00:02:29.3,3.35,00:00:00.0,0.00,18.0,489,12.1,0.0,144,---,---,---,---,---,---,---,---,---,52.2169571,0.1456652
1,4841.0,0.0,00:18:47.5,00:02:31.1,3.31,00:00:00.0,0.00,17.5,490,10.7,0.0,143,---,---,---,---,---,---,---,---,---,52.2168628,0.1456320
1,4853.1,0.0,00:18:50.7,00:02:32.0,3.29,00:00:00.0,0.00,17.5,491,12.0,0.0,144,---,---,---,---,---,---,---,---,---,52.2167579,0.1455905
1,4865.8,0.0,00:18:54.2,00:02:26.2,3.42,00:00:00.0,0.00,18.0,492,12.7,0.0,144,---,---,---,---,---,---,---,---,---,52.2166454,0.1455580
1,4877.1,0.0,00:18:57.4,00:02:22.9,3.50,00:00:00.0,0.00,17.5,493,11.3,0.0,143,---,---,---,---,---,---,---,---,---,52.2165452,0.1455278
1,4889.4,0.0,00:19:00.8,00:02:23.3,3.49,00:00:00.0,0.00,18.0,494,12.3,0.0,143,---,---,---,---,---,---,---,---,---,52.2164371,0.1454958
1,4901.8,0.0,00:19:04.2,00:02:19.7,3.58,00:00:00.0,0.00,18.0,495,12.5,0.0,143,---,---,---,---,---,---,---,---,---,52.2163258,0.1455007
1,4912.7,0.0,00:19:07.4,00:02:16.6,3.66,00:00:00.0,0.00,18.0,496,10.9,0.0,143,---,---,---,---,---,---,---,---,---,52.2162280,0.1454790
1,4923.9,0.0,00:19:10.8,00:02:22.0,3.52,00:00:00.0,0.00,18.5,497,11.2,0.0,143,---,---,---,---,---,---,---,---,---,52.2161282,0.1454625
1,4935.2,0.0,00:19:14.0,00:02:30.1,3.33,00:00:00.0,0.00,18.5,498,11.3,0.0,144,---,---,---,---,---,---,---,---,---,52.2160269,0.1454431
1,4947.3,0.0,00:19:17.5,00:02:24.5,3.46,00:00:00.0,0.00,18.0,499,12.1,0.0,144,---,---,---,---,---,---,---,---,---,52.2159214,0.1454013
1,4959.9,0.0,00:19:20.6,00:02:16.6,3.66,00:00:00.0,0.00,18.5,500,12.6,0.0,143,---,---,---,---,---,---,---,---,---,52.2158110,0.1453637
1,4973.3,0.0,00:19:24.0,00:02:15.5,3.69,00:00:00.0,0.00,18.0,501,13.4,0.0,143,---,---,---,---,---,---,---,---,---,52.2156932,0.1453209
1,4983.7,0.0,00:19:27.2,00:02:16.2,3.67,00:00:00.0,0.00,18.0,502,10.4,0.0,144,---,---,---,---,---,---,---,---,---,52.2156025,0.1452869
1,4994.3,0.0,00:19:30.6,00:02:21.2,3.54,00:00:00.0,0.00,18.0,503,10.5,0.0,144,---,---,---,---,---,---,---,---,---,52.2155117,0.1452452
1,5005.5,0.0,00:19:34.0,00:02:28.4,3.37,00:00:00.0,0.00,18.0,504,11.2,0.0,144,---,---,---,---,---,---,---,---,---,52.2154157,0.1451908
1,5027.6,0.0,00:19:43.6,02:46:40.0,0.05,00:00:00.0,0.00,30.0,505,22.0,0.0,115,---,---,---,---,---,---,---,---,---,52.2151183,0.1446673
