Session Information:,,,,Device Information:,,,,Oarlock Information:,,,,Oarlock Settings:,,,,,,,,,,,,,Session Information:,,,,Device Information:,,,,Oarlock Information:,,,,Oarlock Settings:,,,,,,,,,,,
,,,,,,,,,,,,,,,,,,,,,,,,,,,,,,,,,,,,,,,,,,,,,,,,
Name:,JustGo-2133M,,,Name:,PC SpeedCoach,,,Firmware:,1.01,,,Boat ID:,XXXXX,,,,,,,,,,,,Name:,JustGo-2126M,,,Name:,FN's SC,,,Firmware:,1.01,,,Boat ID:,XXXXX,,,,,,,,,,
Start Time:,06/06/21 18:23,,,Model:,SpeedCoach GPS Pro,,,,,,,Seat Number:,1,,,,,,,,,,,,Start Time:,06/06/21 18:23,,,Model:,SpeedCoach GPS Pro,,,,,,,Seat Number:,1,,,,,,,,,,
Type:,Just Go,,,Serial:,2209158,,,,,,,Port Starboard:,Port,,,,,,,,,,,,Type:,Just Go,,,Serial:,2383835,,,,,,,Port Starboard:,Starboard,,,,,,,,,,
System of Units:,Meters/Split500,,,Firmware Version:,2.22,,,,,,,Oar Length:,285,,,,,,,,,,,,System of Units:,Meters/Split500,,,Firmware Version:,2.22,,,,,,,Oar Length:,285,,,,,,,,,,
Speed Input:,GPS,,,Profile Version:,0.03,,,,,,,Inboard Length:,87,,,,,,,,,,,,Speed Input:,GPS,,,Profile Version:,0.03,,,,,,,Inboard Length:,87,,,,,,,,,,
,,,,Hardware Version:,Rev 11,,,,,,,,,,,,,,,,,,,,,,,,Hardware Version:,Rev 11,,,,,,,,,,,,,,,,,,
,,,,LiNK Version:,1.32,,,,,,,,,,,,,,,,,,,,,,,,LiNK Version:,1.32,,,,,,,,,,,,,,,,,,
,,,,,,,,,,,,,,,,,,,,,,,,,,,,,,,,,,,,,,,,,,,,,,,,
,,,,,,,,,,,,,,,,,,,,,,,,,,,,,,,,,,,,,,,,,,,,,,,,
Session Summary:,,,,,,,,,,,,,,,,,,,,,,,,,Session Summary:,,,,,,,,,,,,,,,,,,,,,,,
,,,,,,,,,,,,,,,,,,,,,,,,,,,,,,,,,,,,,,,,,,,,,,,,
Total Intervals,Total Distance (GPS),Total Distance (IMP),Total Elapsed Time,Avg Split (GPS),Avg Speed (GPS),Avg Split (IMP),Avg Speed (IMP),Avg Stroke Rate,Total Strokes,Distance/Stroke (GPS),Distance/Stroke (IMP),Avg Heart Rate,Avg Power,Avg Catch,Avg Slip,Avg Finish,Avg Wash,Avg Force Avg,Avg Work,Avg Force Max,Avg Max Force Angle,Start GPS Lat.,Start GPS Lon.,,Total Intervals,Total Distance (GPS),Total Distance (IMP),Total Elapsed Time,Avg Split (GPS),Avg Speed (GPS),Avg Split (IMP),Avg Speed (IMP),Avg Stroke Rate,Total Strokes,Distance/Stroke (GPS),Distance/Stroke (IMP),Avg Heart Rate,Avg Power,Avg Catch,Avg Slip,Avg Finish,Avg Wash,Avg Force Avg,Avg Work,Avg Force Max,Avg Max Force Angle,Start GPS Lat.,Start GPS Lon.
(Interval),(Meters),(Meters),(HH:MM:SS.tenths),(/500),(M/S),(/500),(M/S),(SPM),(Strokes),(Meters),(Meters),(BPM),(Watts),(Degrees),(Degrees),(Degrees),(Degrees),(Newtons),(Joules),(Newtons),(Degrees),(Degrees),(Degrees),,(Interval),(Meters),(Meters),(HH:MM:SS.tenths),(/500),(M/S),(/500),(M/S),(SPM),(Strokes),(Meters),(Meters),(BPM),(Watts),(Degrees),(Degrees),(Degrees),(Degrees),(Newtons),(Joules),(Newtons),(Degrees),(Degrees),(Degrees)
1,2133.6,0,08:33.5,02:00.4,4.15,00:00.0,0,33.5,265,8.1,0,---,170,-63,3,38,9,177,301,320,-18,51.4993488,-0.6768541,,1,2126.9,0,08:28.7,01:59.6,4.18,00:00.0,0,33.5,263,8.1,0,168,151,-63,2,41,11,153,267,257,-15,51.4993093,-0.6768052
,,,,,,,,,,,,,,,,,,,,,,,,,,,,,,,,,,,,,,,,,,,,,,,,
,,,,,,,,,,,,,,,,,,,,,,,,,,,,,,,,,,,,,,,,,,,,,,,,
Interval Summaries:,,,,,,,,,,,,,,,,,,,,,,,,,Interval Summaries:,,,,,,,,,,,,,,,,,,,,,,,
,,,,,,,,,,,,,,,,,,,,,,,,,,,,,,,,,,,,,,,,,,,,,,,,
Interval,Total Distance (GPS),Total Distance (IMP),Total Elapsed Time,Avg Split (GPS),Avg Speed (GPS),Avg Split (IMP),Avg Speed (IMP),Avg Stroke Rate,Total Strokes,Distance/Stroke (GPS),Distance/Stroke (IMP),Avg Heart Rate,Avg Power,Avg Catch,Avg Slip,Avg Finish,Avg Wash,Avg Force Avg,Avg Work,Avg Force Max,Avg Max Force Angle,Start GPS Lat.,Start GPS Lon.,,Interval,Total Distance (GPS),Total Distance (IMP),Total Elapsed Time,Avg Split (GPS),Avg Speed (GPS),Avg Split (IMP),Avg Speed (IMP),Avg Stroke Rate,Total Strokes,Distance/Stroke (GPS),Distance/Stroke (IMP),Avg Heart Rate,Avg Power,Avg Catch,Avg Slip,Avg Finish,Avg Wash,Avg Force Avg,Avg Work,Avg Force Max,Avg Max Force Angle,Start GPS Lat.,Start GPS Lon.
(Interval),(Meters),(Meters),(HH:MM:SS.tenths),(/500),(M/S),(/500),(M/S),(SPM),(Strokes),(Meters),(Meters),(BPM),(Watts),(Degrees),(Degrees),(Degrees),(Degrees),(Newtons),(Joules),(Newtons),(Degrees),(Degrees),(Degrees),,(Interval),(Meters),(Meters),(HH:MM:SS.tenths),(/500),(M/S),(/500),(M/S),(SPM),(Strokes),(Meters),(Meters),(BPM),(Watts),(Degrees),(Degrees),(Degrees),(Degrees),(Newtons),(Joules),(Newtons),(Degrees),(Degrees),(Degrees)
1,2133.6,0,08:33.5,02:00.4,4.15,00:00.0,0,33.5,265,8.1,0,---,170,-63,3,38,9,177,301,320,-18,51.4993488,-0.6768541,,1,2126.9,0,08:28.7,01:59.6,4.18,00:00.0,0,33.5,263,8.1,0,168,151,-63,2,41,11,153,267,257,-15,51.4993093,-0.6768052
,,,,,,,,,,,,,,,,,,,,,,,,,,,,,,,,,,,,,,,,,,,,,,,,
,,,,,,,,,,,,,,,,,,,,,,,,,,,,,,,,,,,,,,,,,,,,,,,,
,,,,,,,,,,,,,,,,,,,,,,,,,,,,,,,,,,,,,,,,,,,,,,,,
Per-Stroke Data:,,,,,,,,,,,,,,,,,,,,,,,,,Per-Stroke Data:,,,,,,,,,,,,,,,,,,,,,,,
,,,,,,,,,,,,,,,,,,,,,,,,,,,,,,,,,,,,,,,,,,,,,,,,
Interval,Distance (GPS),Distance (IMP),Elapsed Time,Split (GPS),Speed (GPS),Split (IMP),Speed (IMP),Stroke Rate,Total Strokes,Distance/Stroke (GPS),Distance/Stroke (IMP),Heart Rate,Power,Catch,Slip,Finish,Wash,Force Avg,Work,Force Max,Max Force Angle,GPS Lat.,GPS Lon.,,Interval,Distance (GPS),Distance (IMP),Elapsed Time,Split (GPS),Speed (GPS),Split (IMP),Speed (IMP),Stroke Rate,Total Strokes,Distance/Stroke (GPS),Distance/Stroke (IMP),Heart Rate,Power,Catch,Slip,Finish,Wash,Force Avg,Work,Force Max,Max Force Angle,GPS Lat.,GPS Lon.
(Interval),(Meters),(Meters),(HH:MM:SS.tenths),(/500),(M/S),(/500),(M/S),(SPM),(Strokes),(Meters),(Meters),(BPM),(Watts),(Degrees),(Degrees),(Degrees),(Degrees),(Newtons),(Joules),(Newtons),(Degrees),(Degrees),(Degrees),TOTAL,(Interval),(Meters),(Meters),(HH:MM:SS.tenths),(/500),(M/S),(/500),(M/S),(SPM),(Strokes),(Meters),(Meters),(BPM),(Watts),(Degrees),(Degrees),(Degrees),(Degrees),(Newtons),(Joules),(Newtons),(Degrees),(Degrees),(Degrees)
1,12.8,0,00:04.7,02:31.5,3.3,00:00.0,0,43,3,6.5,0,---,284,-59,2,37,7,262,401,443,-16,51.4992924,-0.6767225,499,1,10.5,0,00:03.0,02:32.4,3.28,00:00.0,0,43,2,6.5,0,111,215,-55,1,40,8,189,303,331,-8,51.4992767,-0.6767275
1,18.6,0,00:06.0,02:00.7,4.14,00:00.0,0,42.5,4,5.7,0,---,261,-56,0,38,7,227,360,411,-10,51.4992624,-0.6766552,494,1,16.9,0,00:04.4,02:01.6,4.11,00:00.0,0,42,3,6.4,0,115,233,-57,1,40,9,198,320,337,-11,51.499243,-0.6766519
1,26.2,0,00:07.6,01:48.6,4.6,00:00.0,0,43,5,7.6,0,---,252,-58,3,38,7,221,356,403,-15,51.4992227,-0.6765658,474,1,23.7,0,00:05.8,01:50.1,4.54,00:00.0,0,42.5,4,6.8,0,118,222,-59,2,41,10,192,314,321,-8,51.4992078,-0.6765715
1,33.1,0,00:08.9,01:43.5,4.83,00:00.0,0,41.5,6,7,0,---,232,-59,3,38,8,205,341,381,-13,51.4991861,-0.6764841,450,1,30.7,0,00:07.2,01:45.0,4.76,00:00.0,0,41.5,5,7,0,125,218,-60,2,40,10,192,316,327,-19,51.4991718,-0.6764893
1,40.2,0,00:10.3,01:41.8,4.91,00:00.0,0,42,7,7,0,---,217,-59,4,38,8,192,319,364,-12,51.4991493,-0.6764016,445,1,37.7,0,00:08.6,01:43.0,4.85,00:00.0,0,41,6,7,0,127,228,-62,1,41,9,200,333,331,-22,51.499135,-0.6764069
1,47.2,0,00:11.8,01:41.0,4.95,00:00.0,0,40.5,8,7,0,---,230,-60,2,38,7,206,331,364,-15,51.4991135,-0.6763182,448,1,44.8,0,00:10.0,01:42.4,4.88,00:00.0,0,41,7,7.1,0,130,218,-61,1,40,9,192,321,329,-20,51.4990994,-0.6763222
1,54.2,0,00:13.2,01:40.8,4.96,00:00.0,0,40.5,9,7.1,0,---,273,-66,4,37,8,233,409,430,-19,51.4990782,-0.6762337,441,1,52.7,0,00:11.6,01:41.8,4.91,00:00.0,0,40.5,8,7.9,0,135,168,-59,1,40,10,155,249,258,-4,51.49906,-0.6762279
1,62,0,00:14.8,01:40.8,4.96,00:00.0,0,40.5,10,7.8,0,---,241,-63,4,38,8,216,347,400,-17,51.4990371,-0.676143,442,1,59.6,0,00:13.0,01:42.2,4.89,00:00.0,0,40.5,9,7,0,137,201,-60,1,40,9,180,293,288,-23,51.4990226,-0.6761474
1,69,0,00:16.2,01:40.8,4.96,00:00.0,0,40.5,11,7,0,---,229,-63,5,36,6,207,343,354,-16,51.499,-0.6760622,419,1,67.4,0,00:14.6,01:42.4,4.88,00:00.0,0,40.5,10,7.7,0,143,190,-60,4,41,11,167,281,297,-11,51.4989812,-0.6760577
1,76.7,0,00:17.8,01:41.2,4.94,00:00.0,0,40.5,12,7.7,0,---,227,-61,5,37,9,205,334,370,-14,51.4989582,-0.6759738,440,1,74.2,0,00:16.0,01:43.0,4.85,00:00.0,0,41,11,6.9,0,149,213,-61,1,41,9,193,314,309,-9,51.4989436,-0.675979
1,83.6,0,00:19.2,01:41.2,4.94,00:00.0,0,40.5,13,7,0,---,230,-64,2,38,8,213,346,362,-17,51.4989203,-0.6758936,420,1,81.2,0,00:17.4,01:43.3,4.84,00:00.0,0,40,12,6.9,0,151,190,-61,1,41,10,180,289,279,-12,51.4989062,-0.675899
1,91.4,0,00:20.8,01:41.0,4.95,00:00.0,0,39,14,7.8,0,---,222,-63,3,38,8,203,339,362,-15,51.4988783,-0.6758045,414,1,88.9,0,00:19.0,01:43.3,4.84,00:00.0,0,39,13,7.7,0,153,192,-62,2,40,10,180,290,291,-20,51.4988642,-0.67581
1,98.4,0,00:22.2,01:41.6,4.92,00:00.0,0,40,15,7,0,---,230,-64,3,38,7,210,353,376,-20,51.4988401,-0.6757245,413,1,96.6,0,00:20.6,01:43.3,4.84,00:00.0,0,39.5,14,7.7,0,156,183,-62,1,41,12,169,288,285,-17,51.4988217,-0.6757218
1,106.1,0,00:23.8,01:42.0,4.9,00:00.0,0,38.5,16,7.8,0,---,220,-63,2,38,8,205,337,360,-21,51.4987974,-0.675636,412,1,103.6,0,00:22.0,01:43.5,4.83,00:00.0,0,38.5,15,7,0,157,192,-63,2,40,9,174,292,285,-21,51.498783,-0.6756429
1,113.8,0,00:25.4,01:42.0,4.9,00:00.0,0,38.5,17,7.7,0,---,215,-62,2,38,8,204,330,358,-15,51.4987546,-0.6755486,409,1,111.3,0,00:23.6,01:44.3,4.79,00:00.0,0,39,16,7.7,0,157,194,-62,1,41,11,175,295,299,-13,51.49874,-0.6755557
1,121.5,0,00:27.0,01:42.8,4.86,00:00.0,0,39,18,7.7,0,---,210,-63,3,38,7,194,328,358,-15,51.498712,-0.675461,402,1,119,0,00:25.2,01:44.3,4.79,00:00.0,0,39,17,7.7,0,158,192,-61,1,41,10,177,293,295,-13,51.4986982,-0.6754677
1,128.4,0,00:28.4,01:43.3,4.84,00:00.0,0,38.5,19,6.9,0,---,219,-64,4,39,9,198,342,374,-16,51.4986733,-0.6753832,409,1,125.9,0,00:26.6,01:44.8,4.77,00:00.0,0,38.5,18,6.9,0,159,190,-62,1,41,10,179,299,293,-14,51.4986601,-0.6753892
1,136.1,0,00:30.0,01:44.1,4.8,00:00.0,0,38,20,7.7,0,---,216,-64,5,38,8,202,337,369,-14,51.4986306,-0.6752961,395,1,133.6,0,00:28.2,01:45.2,4.75,00:00.0,0,38,19,7.7,0,160,179,-61,1,40,9,170,281,274,-16,51.4986181,-0.6753015
1,143.8,0,00:31.6,01:44.6,4.78,00:00.0,0,38.5,21,7.6,0,---,210,-63,5,38,9,198,329,360,-17,51.498588,-0.67521,391,1,141.1,0,00:29.8,01:46.1,4.71,00:00.0,0,38.5,20,7.6,0,160,181,-61,1,41,11,171,283,275,-21,51.4985762,-0.6752152
1,151.4,0,00:33.2,01:45.2,4.75,00:00.0,0,38.5,22,7.6,0,---,211,-62,2,37,8,199,329,370,-17,51.4985452,-0.6751243,401,1,148.8,0,00:31.4,01:46.3,4.7,00:00.0,0,38.5,21,7.6,0,160,190,-61,1,41,9,179,294,284,-24,51.4985332,-0.6751294
1,159,0,00:34.8,01:44.8,4.77,00:00.0,0,38.5,23,7.6,0,---,212,-63,5,37,9,195,324,370,-18,51.4985025,-0.6750383,401,1,156.4,0,00:33.0,01:45.9,4.72,00:00.0,0,38.5,22,7.6,0,161,189,-61,0,40,10,177,293,287,-10,51.4984904,-0.6750432
1,165.9,0,00:36.2,01:44.8,4.77,00:00.0,0,38.5,24,6.9,0,---,193,-61,2,38,9,183,307,343,-24,51.4984642,-0.6749605,376,1,163.3,0,00:34.4,01:45.7,4.73,00:00.0,0,38,23,6.8,0,161,183,-62,1,41,10,172,286,284,-27,51.4984523,-0.6749655
1,173.5,0,00:37.8,01:46.1,4.71,00:00.0,0,38.5,25,7.6,0,---,203,-62,3,39,10,191,323,369,-16,51.4984218,-0.6748746,390,1,170.8,0,00:36.0,01:45.9,4.72,00:00.0,0,38,24,7.6,0,161,187,-63,1,41,9,178,301,288,-12,51.4984101,-0.6748798
1,181.1,0,00:39.4,01:46.8,4.68,00:00.0,0,36.5,26,7.6,0,---,200,-66,6,38,7,196,331,371,-22,51.49838,-0.674788,376,1,178.4,0,00:37.8,01:46.8,4.68,00:00.0,0,36.5,25,7.6,0,161,176,-63,1,41,10,175,295,274,-30,51.4983683,-0.6747933
1,189.3,0,00:41.2,01:47.0,4.67,00:00.0,0,35,27,8.3,0,---,203,-64,5,38,9,199,342,377,-16,51.4983348,-0.6746929,379,1,186.7,0,00:39.4,01:44.6,4.78,00:00.0,0,36.5,26,8.3,0,162,176,-64,1,41,9,172,290,272,-11,51.4983231,-0.6746981
1,196.9,0,00:43.0,01:47.5,4.65,00:00.0,0,36.5,28,7.6,0,---,200,-65,4,39,12,194,336,363,-19,51.4982932,-0.6746059,367,1,193.6,0,00:41.0,01:44.8,4.77,00:00.0,0,35,27,6.9,0,162,167,-64,2,41,11,166,279,269,-16,51.4982847,-0.6746203
1,205.2,0,00:44.6,01:45.7,4.73,00:00.0,0,35,29,8.3,0,---,199,-64,3,38,10,200,334,355,-21,51.4982472,-0.6745122,373,1,202.6,0,00:42.8,01:45.0,4.76,00:00.0,0,35,28,9,0,162,174,-64,2,41,10,174,296,288,-7,51.4982347,-0.6745185
1,212.1,0,00:46.1,01:45.9,4.72,00:00.0,0,35,30,6.9,0,---,189,-64,4,38,8,184,323,351,-18,51.4982091,-0.6744343,355,1,210.1,0,00:44.4,01:46.6,4.69,00:00.0,0,36,29,7.5,0,162,166,-64,2,41,10,163,286,276,-14,51.4981927,-0.6744335
1,221,0,00:48.0,01:45.7,4.73,00:00.0,0,36.5,31,8.9,0,---,192,-64,3,38,9,190,323,356,-15,51.4981603,-0.6743329,363,1,218.3,0,00:46.2,01:48.6,4.6,00:00.0,0,35,30,8.2,0,161,171,-64,1,42,10,167,284,266,-10,51.4981474,-0.6743404
1,228.4,0,00:49.6,01:47.2,4.66,00:00.0,0,35,32,7.5,0,---,185,-63,3,39,9,188,316,346,-15,51.4981191,-0.6742477,354,1,225.8,0,00:47.8,01:49.8,4.55,00:00.0,0,35,31,7.5,0,162,169,-64,2,41,8,170,290,272,-24,51.4981058,-0.6742558
1,236.6,0,00:51.4,01:49.4,4.57,00:00.0,0,35,33,8.1,0,---,181,-64,2,40,11,182,310,338,-24,51.4980746,-0.6741545,356,1,234,0,00:49.9,01:50.3,4.53,00:00.0,0,35,32,8.2,0,162,175,-65,1,41,9,177,302,284,-17,51.4980606,-0.6741624
1,244,0,00:53.0,01:50.3,4.53,00:00.0,0,33.5,34,7.4,0,---,168,-66,3,37,9,181,298,308,-16,51.4980342,-0.6740693,328,1,241.4,0,00:51.2,01:49.1,4.58,00:00.0,0,34.5,33,7.5,0,162,160,-63,1,42,10,160,280,277,-15,51.4980197,-0.6740766
1,252.1,0,00:55.0,01:51.1,4.5,00:00.0,0,35,35,8.1,0,---,188,-65,3,39,9,190,328,359,-18,51.4979906,-0.6739765,353,1,248.8,0,00:53.0,01:49.6,4.56,00:00.0,0,35,34,7.4,0,162,165,-65,2,41,9,169,287,274,-10,51.4979802,-0.6739907
1,260.1,0,00:56.6,01:49.6,4.56,00:00.0,0,33.5,36,8.1,0,---,167,-62,3,39,9,174,292,324,-14,51.4979468,-0.6738833,334,1,257.6,0,00:54.8,01:47.9,4.63,00:00.0,0,33.5,35,8.8,0,163,167,-64,2,41,8,171,292,276,-20,51.4979338,-0.6738879
1,267.5,0,00:58.2,01:50.1,4.54,00:00.0,0,35,37,7.4,0,---,173,-64,4,38,11,177,302,328,-13,51.4979077,-0.6737978,343,1,265.8,0,00:56.6,01:49.4,4.57,00:00.0,0,35,36,8.1,0,163,170,-64,1,42,10,174,291,278,-16,51.4978906,-0.6737939
1,275.6,0,01:00.0,01:49.6,4.56,00:00.0,0,35,38,8.1,0,---,209,-67,4,38,7,214,358,379,-22,51.4978653,-0.6737032,355,1,273.1,0,00:58.2,01:51.6,4.48,00:00.0,0,34.5,37,7.4,0,163,146,-64,2,41,11,151,259,255,-6,51.4978518,-0.6737072
1,283.7,0,01:01.8,01:49.8,4.55,00:00.0,0,34,39,8.1,0,---,188,-66,4,38,11,195,333,343,-25,51.4978219,-0.6736096,352,1,281.3,0,01:00.0,01:52.3,4.45,00:00.0,0,34.5,38,8.2,0,163,164,-64,1,41,11,166,284,274,-9,51.4978082,-0.6736125
1,291.8,0,01:03.6,01:50.6,4.52,00:00.0,0,34.5,40,8.1,0,---,174,-65,5,38,9,178,303,328,-15,51.4977776,-0.6735168,344,1,288.8,0,01:01.9,01:51.8,4.47,00:00.0,0,33.5,39,7.4,0,163,170,-66,2,41,10,174,298,283,-13,51.4977674,-0.6735274
1,299.1,0,01:05.2,01:51.3,4.49,00:00.0,0,33.5,41,7.4,0,---,170,-63,4,38,8,176,302,330,-17,51.4977378,-0.6734316,333,1,296.9,0,01:03.4,01:47.9,4.63,00:00.0,0,34.5,40,8.1,0,163,163,-63,1,42,10,170,290,276,-15,51.4977247,-0.6734327
1,306.6,0,01:07.0,01:51.8,4.47,00:00.0,0,34,42,7.4,0,---,195,-67,4,38,8,202,346,365,-19,51.4976985,-0.6733452,350,1,304.9,0,01:05.2,01:48.6,4.6,00:00.0,0,33.5,41,8.1,0,163,155,-64,1,41,10,161,274,255,-15,51.4976819,-0.6733385
1,315.4,0,01:08.8,01:48.2,4.62,00:00.0,0,33.5,43,8.8,0,---,193,-66,1,38,7,207,341,353,-17,51.4976514,-0.6732435,343,1,313,0,01:07.0,01:50.1,4.54,00:00.0,0,34.5,42,8.1,0,163,150,-64,1,41,11,154,269,259,-10,51.4976381,-0.6732452
1,323.4,0,01:10.6,01:49.1,4.58,00:00.0,0,34.5,44,8.1,0,---,186,-65,1,38,9,194,330,350,-20,51.4976076,-0.673151,342,1,321.1,0,01:08.8,01:51.6,4.48,00:00.0,0,33,43,8,0,163,156,-65,1,42,11,158,277,259,-26,51.4975942,-0.6731528
1,331.5,0,01:12.4,01:51.6,4.48,00:00.0,0,33.5,45,8.1,0,---,184,-66,4,38,8,192,326,342,-14,51.4975635,-0.6730585,343,1,329.2,0,01:10.9,01:52.3,4.45,00:00.0,0,35,44,8.1,0,163,159,-65,1,42,11,158,285,270,-13,51.4975502,-0.67306
1,339.6,0,01:14.2,01:52.1,4.46,00:00.0,0,33.5,46,8.1,0,---,178,-66,2,38,8,184,321,349,-17,51.4975195,-0.6729653,342,1,337.3,0,01:12.4,01:50.8,4.51,00:00.0,0,33,45,8.1,0,163,164,-66,1,41,11,168,286,268,-8,51.4975058,-0.6729676
1,347,0,01:16.0,01:52.3,4.45,00:00.0,0,34,47,7.4,0,---,173,-64,2,38,10,181,302,329,-23,51.497479,-0.6728805,335,1,344.6,0,01:14.1,01:50.8,4.51,00:00.0,0,33,46,7.4,0,163,162,-66,2,41,10,166,289,274,-16,51.4974655,-0.6728833
1,355,0,01:17.6,01:49.4,4.57,00:00.0,0,34.5,48,8,0,---,180,-67,3,39,11,190,325,337,-24,51.4974351,-0.6727885,335,1,352.7,0,01:15.8,01:50.1,4.54,00:00.0,0,35,47,8,0,163,155,-64,1,41,9,159,274,261,-18,51.4974217,-0.6727911
1,363.1,0,01:19.4,01:50.1,4.54,00:00.0,0,33.5,49,8.1,0,---,190,-65,1,38,9,199,331,357,-19,51.4973908,-0.6726965,350,1,360.7,0,01:17.6,01:51.1,4.5,00:00.0,0,33,48,8,0,164,160,-64,2,41,10,162,282,279,-17,51.4973782,-0.6726985
1,371.2,0,01:21.2,01:51.3,4.49,00:00.0,0,33.5,50,8.1,0,---,182,-65,1,38,10,188,328,346,-20,51.4973458,-0.6726046,343,1,368.8,0,01:19.4,01:51.8,4.47,00:00.0,0,33.5,49,8,0,164,161,-65,1,42,11,163,289,275,-7,51.4973335,-0.6726073
1,379.3,0,01:23.0,01:52.1,4.46,00:00.0,0,33.5,51,8.1,0,---,178,-65,2,38,9,187,315,332,-15,51.4973011,-0.6725124,336,1,376.8,0,01:21.2,01:52.1,4.46,00:00.0,0,33.5,50,8.1,0,164,158,-64,1,41,9,164,282,266,-21,51.4972889,-0.6725157
1,387.3,0,01:25.0,01:52.6,4.44,00:00.0,0,33.5,52,8,0,---,171,-65,3,38,9,179,303,330,-19,51.4972568,-0.6724209,327,1,384.2,0,01:23.0,01:52.6,4.44,00:00.0,0,34.5,51,7.4,0,164,156,-64,1,41,10,162,276,260,-16,51.497248,-0.6724322
1,395.3,0,01:26.6,01:52.1,4.46,00:00.0,0,35,53,8,0,---,168,-64,4,37,7,177,292,328,-12,51.497213,-0.6723294,326,1,392.8,0,01:24.8,01:49.8,4.55,00:00.0,0,33,52,8.6,0,164,158,-64,2,42,11,162,280,268,-19,51.4972001,-0.672334
1,401.9,0,01:28.1,01:52.1,4.46,00:00.0,0,33.5,54,6.6,0,---,169,-64,3,37,8,178,300,312,-17,51.4971771,-0.6722531,326,1,400,0,01:26.4,01:51.1,4.5,00:00.0,0,35,53,7.2,0,164,157,-66,4,42,12,154,277,263,-25,51.4971609,-0.672251
1,410.5,0,01:30.0,01:50.8,4.51,00:00.0,0,35,55,8.6,0,---,176,-64,2,37,9,180,312,345,-16,51.4971305,-0.672155,340,1,407.9,0,01:28.2,01:53.8,4.39,00:00.0,0,35,54,7.9,0,164,164,-66,2,40,10,167,284,271,-20,51.497118,-0.6721602
1,418.5,0,01:31.8,01:51.8,4.47,00:00.0,0,33.5,56,8,0,---,186,-66,3,38,9,192,324,343,-23,51.4970872,-0.6720632,343,1,416,0,01:30.0,01:54.4,4.37,00:00.0,0,33,55,8,0,164,157,-64,2,41,10,163,280,272,-13,51.4970749,-0.6720671
1,426.5,0,01:33.6,01:52.3,4.45,00:00.0,0,33.5,57,8,0,---,182,-66,3,38,9,187,323,351,-19,51.4970437,-0.6719714,342,1,423.3,0,01:31.9,01:53.6,4.4,00:00.0,0,33.5,56,7.3,0,164,160,-66,2,41,10,161,289,265,-21,51.4970354,-0.6719823
1,434.5,0,01:35.4,01:52.3,4.45,00:00.0,0,33.5,58,8,0,---,183,-65,1,38,8,194,329,345,-17,51.4970001,-0.6718787,339,1,432.1,0,01:33.6,01:49.4,4.57,00:00.0,0,33.5,57,8.8,0,165,156,-65,1,41,11,157,275,258,-13,51.4969875,-0.6718816
1,441.9,0,01:37.1,01:52.6,4.44,00:00.0,0,33.5,59,7.4,0,---,159,-65,4,38,10,175,287,311,-23,51.4969601,-0.6717937,322,1,440.2,0,01:35.4,01:49.6,4.56,00:00.0,0,33,58,8.1,0,165,163,-65,1,42,10,166,292,279,-24,51.4969434,-0.6717893
1,450.6,0,01:39.0,01:49.4,4.57,00:00.0,0,33.5,60,8.7,0,---,195,-67,1,38,9,206,351,362,-19,51.4969132,-0.6716931,345,1,448.2,0,01:37.2,01:52.3,4.45,00:00.0,0,34.5,59,8,0,165,150,-64,1,42,10,158,276,260,-8,51.4968996,-0.6716979
1,458.7,0,01:40.8,01:50.3,4.53,00:00.0,0,33.5,61,8.1,0,---,190,-67,3,39,7,202,342,353,-20,51.4968694,-0.6716003,342,1,456.3,0,01:39.0,01:53.3,4.41,00:00.0,0,32,60,8.1,0,165,152,-65,2,42,11,154,275,265,-6,51.4968555,-0.6716052
1,466.8,0,01:42.6,01:52.1,4.46,00:00.0,0,32,62,8.1,0,---,166,-65,4,38,8,176,304,329,-25,51.4968247,-0.6715084,324,1,463.7,0,01:40.8,01:52.8,4.43,00:00.0,0,33,61,7.5,0,165,158,-65,1,41,10,164,282,277,-12,51.4968139,-0.6715204
1,474.8,0,01:44.4,01:52.6,4.44,00:00.0,0,33.5,63,8,0,---,180,-66,4,38,9,195,329,347,-22,51.4967805,-0.6714169,329,1,472.5,0,01:42.6,01:49.6,4.56,00:00.0,0,33,62,8.8,0,165,149,-64,0,42,13,159,277,270,-21,51.4967658,-0.6714205
1,482.2,0,01:46.1,01:53.1,4.42,00:00.0,0,32,64,7.4,0,---,180,-66,2,38,8,192,330,350,-22,51.4967397,-0.6713332,337,1,480.5,0,01:44.4,01:51.1,4.5,00:00.0,0,33,63,8,0,165,157,-66,1,43,11,161,288,264,-7,51.4967219,-0.6713295
1,490.9,0,01:48.0,01:50.3,4.53,00:00.0,0,33,65,8.7,0,---,169,-68,3,38,8,184,310,315,-20,51.4966915,-0.6712345,320,1,488.5,0,01:46.2,01:53.1,4.42,00:00.0,0,32,64,8.1,0,165,151,-65,1,42,12,151,279,281,-18,51.4966772,-0.6712381
1,498.9,0,01:49.8,01:51.3,4.49,00:00.0,0,32,66,8,0,---,178,-65,1,39,8,189,326,342,-21,51.4966471,-0.671144,324,1,497.1,0,01:48.2,01:54.4,4.37,00:00.0,0,33,65,8.6,0,165,146,-65,1,41,11,148,265,256,-12,51.4966283,-0.6711413
1,506.9,0,01:51.6,01:53.3,4.41,00:00.0,0,33.5,67,8,0,---,158,-65,2,39,9,161,289,308,-21,51.496602,-0.671054,321,1,503.8,0,01:49.9,01:55.2,4.34,00:00.0,0,33,66,6.6,0,166,163,-67,2,42,10,163,293,276,-16,51.4965901,-0.6710681
1,515.5,0,01:53.6,01:53.3,4.41,00:00.0,0,32,68,8.6,0,---,170,-66,2,38,10,182,307,322,-15,51.4965543,-0.670956,325,1,513,0,01:51.8,01:50.8,4.51,00:00.0,0,32,67,9.2,0,166,155,-65,1,42,11,161,280,266,-8,51.4965385,-0.6709637
1,522.8,0,01:55.2,01:53.6,4.4,00:00.0,0,33,69,7.3,0,---,181,-65,3,38,10,196,327,345,-19,51.4965142,-0.6708732,345,1,521,0,01:53.6,01:51.6,4.48,00:00.0,0,33,68,8,0,166,164,-66,2,42,10,173,296,281,-22,51.4964947,-0.6708729
1,531.5,0,01:57.2,01:51.6,4.48,00:00.0,0,33.5,70,8.7,0,---,186,-66,4,40,10,198,336,336,-22,51.4964662,-0.6707737,347,1,529,0,01:55.4,01:53.8,4.39,00:00.0,0,33.5,69,8.1,0,165,161,-65,2,42,11,166,290,280,-8,51.4964501,-0.6707812
1,539.6,0,01:59.0,01:50.8,4.51,00:00.0,0,32.5,71,8.1,0,---,182,-67,1,39,8,190,340,334,-24,51.4964212,-0.6706812,342,1,537.2,0,01:57.2,01:53.3,4.41,00:00.0,0,33,70,8.2,0,165,160,-66,1,43,11,166,302,277,-10,51.4964054,-0.6706877
1,547.8,0,02:01.0,01:51.6,4.48,00:00.0,0,33,72,8.2,0,---,183,-67,3,39,9,192,336,365,-18,51.4963758,-0.6705888,342,1,544.7,0,01:59.0,01:52.1,4.46,00:00.0,0,32,71,7.5,0,166,159,-66,1,42,10,162,295,270,-5,51.4963635,-0.6706025
1,556,0,02:02.6,01:50.3,4.53,00:00.0,0,32,73,8.2,0,---,169,-66,4,40,8,176,314,328,-15,51.4963302,-0.6704958,325,1,553.6,0,02:00.8,01:48.4,4.61,00:00.0,0,33,72,8.9,0,166,156,-66,1,43,12,155,289,273,-12,51.496315,-0.6705005
1,564.8,0,02:04.6,01:50.8,4.51,00:00.0,0,32,74,8.8,0,---,168,-67,4,40,9,177,312,322,-12,51.4962813,-0.6703952,324,1,562.5,0,02:02.8,01:49.6,4.56,00:00.0,0,32,73,8.9,0,166,156,-65,1,41,11,165,287,274,-18,51.4962663,-0.6703997
1,572.9,0,02:06.4,01:51.3,4.49,00:00.0,0,32,75,8.1,0,---,163,-67,4,39,9,174,298,328,-18,51.4962367,-0.6703031,316,1,570.5,0,02:04.8,01:52.8,4.43,00:00.0,0,33,74,8,0,166,153,-67,1,41,10,159,282,259,-12,51.4962226,-0.6703071
1,580.9,0,02:08.2,01:53.6,4.4,00:00.0,0,33.5,76,8,0,---,180,-66,2,39,9,192,329,354,-18,51.4961932,-0.6702111,332,1,578.5,0,02:06.4,01:52.8,4.43,00:00.0,0,32,75,8,0,166,152,-66,1,42,10,155,282,258,-3,51.4961801,-0.6702139
1,588.3,0,02:10.0,01:54.1,4.38,00:00.0,0,32,77,7.4,0,---,160,-66,3,38,8,167,293,319,-17,51.4961531,-0.6701261,314,1,586.6,0,02:08.2,01:52.8,4.43,00:00.0,0,33,76,8.1,0,167,154,-67,2,42,12,156,281,257,-13,51.4961364,-0.6701209
1,597.7,0,02:12.0,01:49.8,4.55,00:00.0,0,32,78,9.4,0,---,167,-67,3,38,8,182,315,311,-24,51.4961029,-0.6700175,313,1,595.4,0,02:10.2,01:52.1,4.46,00:00.0,0,32,77,8.8,0,167,146,-64,1,42,11,155,274,265,-14,51.4960893,-0.6700198
1,605.6,0,02:13.8,01:51.3,4.49,00:00.0,0,32,79,7.9,0,---,162,-64,2,39,10,171,303,321,-26,51.4960597,-0.6699263,315,1,603.3,0,02:12.0,01:53.8,4.39,00:00.0,0,32,78,8,0,168,153,-65,1,42,9,159,282,273,-15,51.4960461,-0.669928
1,613.6,0,02:15.6,01:54.1,4.38,00:00.0,0,32,80,8,0,---,185,-67,2,39,9,197,339,342,-22,51.4960163,-0.6698348,327,1,610.6,0,02:13.9,01:55.4,4.33,00:00.0,0,33,79,7.3,0,168,142,-64,1,43,12,149,266,258,-12,51.4960067,-0.6698436
1,621.6,0,02:17.4,01:54.9,4.35,00:00.0,0,33,81,8,0,---,148,-66,4,37,9,163,276,300,-14,51.4959718,-0.6697439,308,1,619.3,0,02:15.6,01:51.3,4.49,00:00.0,0,32,80,8.7,0,168,160,-66,1,42,10,164,291,274,-21,51.495959,-0.6697446
1,629.6,0,02:19.2,01:54.4,4.37,00:00.0,0,32,82,8,0,---,172,-68,4,39,10,182,321,315,-27,51.495928,-0.6696531,326,1,627.9,0,02:17.6,01:52.1,4.46,00:00.0,0,33,81,8.6,0,168,154,-66,2,42,12,159,291,280,-13,51.4959123,-0.6696455
1,638.3,0,02:21.2,01:51.3,4.49,00:00.0,0,32,83,8.7,0,---,169,-67,4,39,12,181,310,330,-17,51.4958809,-0.669553,328,1,635.9,0,02:19.4,01:54.1,4.38,00:00.0,0,32,82,8,0,169,159,-66,1,42,10,165,285,272,-18,51.4958686,-0.6695536
1,646.3,0,02:23.0,01:51.8,4.47,00:00.0,0,32,84,8,0,---,185,-68,1,39,8,198,345,344,-21,51.4958375,-0.6694607,342,1,644,0,02:21.2,01:54.1,4.38,00:00.0,0,32,83,8.1,0,169,157,-66,1,42,11,164,300,292,-16,51.4958246,-0.6694613
1,654.4,0,02:25.0,01:53.1,4.42,00:00.0,0,33.5,85,8.1,0,---,170,-67,5,40,8,178,312,329,-20,51.4957938,-0.6693674,329,1,651.5,0,02:23.0,01:53.6,4.4,00:00.0,0,33,84,7.5,0,169,159,-65,1,43,10,163,286,260,-25,51.4957838,-0.6693754
1,662.5,0,02:26.6,01:51.1,4.5,00:00.0,0,32,86,8.1,0,---,176,-67,2,40,10,187,323,334,-18,51.49575,-0.6692738,330,1,660.3,0,02:24.8,01:50.1,4.54,00:00.0,0,32,85,8.8,0,169,154,-66,1,43,10,157,288,274,-7,51.4957364,-0.6692737
1,671.3,0,02:28.6,01:51.1,4.5,00:00.0,0,32,87,8.8,0,---,168,-66,4,39,7,178,318,344,-15,51.4957024,-0.6691725,311,1,669.1,0,02:26.8,01:50.6,4.52,00:00.0,0,32.5,86,8.8,0,169,143,-66,2,42,11,146,267,256,-15,51.4956891,-0.669172
1,679.3,0,02:30.4,01:52.1,4.46,00:00.0,0,32,88,8,0,---,159,-65,2,38,8,172,292,304,-18,51.495659,-0.6690799,307,1,677.2,0,02:28.8,01:52.6,4.44,00:00.0,0,32,87,8.1,0,169,148,-66,2,43,12,149,271,258,-20,51.4956459,-0.669078
1,687.3,0,02:32.2,01:54.1,4.38,00:00.0,0,32.5,89,8,0,---,159,-65,4,39,11,168,296,327,-15,51.4956158,-0.668988,311,1,685.2,0,02:30.4,01:52.8,4.43,00:00.0,0,33,88,8,0,169,152,-66,1,42,10,158,278,260,-11,51.4956021,-0.6689862
1,694.6,0,02:34.0,01:55.2,4.34,00:00.0,0,33,90,7.3,0,---,155,-66,4,39,10,164,289,306,-22,51.495576,-0.6689038,308,1,693.2,0,02:32.2,01:53.8,4.39,00:00.0,0,32,89,8,0,168,153,-66,2,42,10,159,288,280,-8,51.4955583,-0.6688949
1,703.9,0,02:36.0,01:51.6,4.48,00:00.0,0,32,91,9.3,0,---,165,-66,4,39,9,177,303,319,-13,51.4955267,-0.6687959,316,1,701.8,0,02:34.2,01:53.6,4.4,00:00.0,0,32,90,8.6,0,168,151,-65,1,43,12,155,278,268,-12,51.4955122,-0.6687952
1,711.8,0,02:37.8,01:52.1,4.46,00:00.0,0,32,92,8,0,---,166,-67,4,39,8,180,310,309,-15,51.4954847,-0.6687031,315,1,709.8,0,02:36.0,01:55.2,4.34,00:00.0,0,33,91,8,0,168,149,-66,2,42,11,156,273,273,-10,51.4954691,-0.6687035
1,719.7,0,02:39.6,01:54.9,4.35,00:00.0,0,32,93,7.9,0,---,161,-65,3,38,11,173,300,318,-20,51.4954426,-0.6686115,305,1,717,0,02:37.9,01:56.2,4.3,00:00.0,0,32,92,7.3,0,168,144,-64,0,42,12,154,272,262,-10,51.4954297,-0.66862
1,727.6,0,02:41.4,01:55.7,4.32,00:00.0,0,32,94,7.9,0,---,167,-66,2,38,10,179,312,325,-19,51.4954002,-0.6685199,324,1,726.2,0,02:39.8,01:52.3,4.45,00:00.0,0,32,93,9.2,0,169,157,-66,1,42,11,161,292,285,-17,51.4953802,-0.6685141
1,735.6,0,02:43.2,01:55.7,4.32,00:00.0,0,33.5,95,7.9,0,---,153,-68,6,37,9,170,281,293,-19,51.495358,-0.668428,301,1,734.1,0,02:41.6,01:53.1,4.42,00:00.0,0,33,94,7.9,0,169,148,-65,1,43,15,151,272,268,-20,51.495338,-0.6684225
1,744.1,0,02:45.2,01:53.8,4.39,00:00.0,0,32,96,8.5,0,---,172,-66,1,39,7,191,320,334,-18,51.4953132,-0.6683283,322,1,741.9,0,02:43.4,01:56.0,4.31,00:00.0,0,32,95,7.8,0,169,150,-66,1,43,12,156,282,266,-21,51.4952968,-0.6683312
1,752,0,02:47.0,01:55.4,4.33,00:00.0,0,32,97,7.9,0,---,174,-69,2,39,9,188,324,347,-21,51.4952714,-0.6682363,311,1,749.8,0,02:45.2,01:56.2,4.3,00:00.0,0,32,96,7.9,0,169,137,-64,2,42,11,146,256,252,-8,51.4952551,-0.6682389
1,759.9,0,02:49.0,01:56.2,4.3,00:00.0,0,32,98,7.9,0,---,165,-67,6,39,11,178,313,325,-15,51.4952283,-0.6681454,318,1,757.7,0,02:47.1,01:56.2,4.3,00:00.0,0,33,97,7.9,0,169,153,-66,1,42,11,158,287,266,-15,51.4952128,-0.6681482
1,768.5,0,02:50.8,01:53.1,4.42,00:00.0,0,32,99,8.6,0,---,165,-68,5,39,10,173,312,336,-18,51.4951821,-0.6680462,314,1,766.3,0,02:49.0,01:53.8,4.39,00:00.0,0,32,98,8.6,0,169,149,-67,2,41,10,155,281,260,-20,51.4951664,-0.6680489
1,776.4,0,02:52.6,01:53.6,4.4,00:00.0,0,31,100,7.9,0,---,172,-67,2,39,9,186,320,328,-17,51.4951399,-0.6679546,311,1,774.2,0,02:50.8,01:54.9,4.35,00:00.0,0,32,99,7.9,0,169,139,-65,1,42,12,151,260,245,-24,51.4951241,-0.6679567
1,784.9,0,02:54.6,01:55.7,4.32,00:00.0,0,32,101,8.5,0,---,177,-66,4,39,10,186,330,340,-19,51.4950939,-0.6678558,324,1,782.1,0,02:52.9,01:56.5,4.29,00:00.0,0,32,100,7.9,0,169,147,-65,1,42,11,154,275,258,-23,51.4950828,-0.6678641
1,792.9,0,02:56.4,01:56.5,4.29,00:00.0,0,33.5,102,8,0,---,151,-67,4,39,14,155,277,297,-22,51.4950508,-0.6677637,312,1,790.6,0,02:54.6,01:52.6,4.44,00:00.0,0,32,101,8.5,0,169,161,-67,2,42,10,163,290,279,-21,51.4950369,-0.6677654
1,800.8,0,02:58.2,01:55.7,4.32,00:00.0,0,31,103,7.9,0,---,168,-65,3,39,7,184,319,340,-15,51.4950081,-0.6676724,309,1,799.2,0,02:56.6,01:52.8,4.43,00:00.0,0,32,102,8.6,0,169,141,-64,1,42,12,152,271,265,-14,51.4949905,-0.6676668
1,809.3,0,03:00.2,01:53.3,4.41,00:00.0,0,33,104,8.5,0,---,170,-65,3,39,9,182,311,339,-17,51.4949622,-0.667574,321,1,807.1,0,02:58.4,01:56.0,4.31,00:00.0,0,33,103,7.8,0,169,151,-65,1,42,9,156,281,262,-20,51.4949486,-0.6675756
1,817.3,0,03:02.0,01:54.4,4.37,00:00.0,0,31,105,7.9,0,---,163,-67,4,39,10,179,313,333,-19,51.4949196,-0.6674823,310,1,815,0,03:00.2,01:57.0,4.27,00:00.0,0,32,104,7.9,0,169,147,-65,1,42,12,154,281,276,-8,51.4949059,-0.6674841
1,825.2,0,03:04.0,01:55.7,4.32,00:00.0,0,32,106,7.9,0,---,139,-65,4,38,11,153,260,278,-23,51.4948774,-0.6673907,289,1,822.9,0,03:02.1,01:56.5,4.29,00:00.0,0,32,105,7.9,0,169,150,-66,4,43,9,150,275,266,-11,51.4948625,-0.6673935
1,833.7,0,03:05.8,01:54.1,4.38,00:00.0,0,32,107,8.5,0,---,170,-65,4,39,9,186,317,350,-20,51.4948319,-0.6672923,317,1,831.3,0,03:04.0,01:53.8,4.39,00:00.0,0,32,106,8.4,0,170,147,-65,1,41,9,161,275,256,-10,51.4948172,-0.6672966
1,841.6,0,03:07.6,01:54.9,4.35,00:00.0,0,32,108,7.9,0,---,180,-68,2,40,8,191,340,360,-20,51.49479,-0.6672001,320,1,839.2,0,03:05.8,01:55.2,4.34,00:00.0,0,32,107,7.9,0,170,140,-64,1,42,10,151,270,265,-8,51.4947755,-0.6672045
1,850.1,0,03:09.6,01:55.7,4.32,00:00.0,0,32,109,8.6,0,---,166,-68,5,39,10,177,314,338,-18,51.4947441,-0.667101,308,1,847.1,0,03:07.9,01:56.0,4.31,00:00.0,0,32,108,7.9,0,170,142,-64,1,42,11,150,267,247,-16,51.4947333,-0.6671122
1,858,0,03:11.4,01:56.0,4.31,00:00.0,0,32,110,7.9,0,---,175,-66,4,40,9,186,320,342,-20,51.4947017,-0.6670103,329,1,855.7,0,03:09.6,01:53.1,4.42,00:00.0,0,32,109,8.6,0,170,154,-66,2,42,10,161,281,262,-11,51.4946871,-0.6670136
1,866,0,03:13.2,01:55.4,4.33,00:00.0,0,31,111,8,0,---,162,-66,2,40,8,175,311,331,-15,51.4946589,-0.6669183,299,1,863.7,0,03:11.4,01:53.6,4.4,00:00.0,0,31.5,110,8,0,170,137,-65,2,42,11,147,266,265,-10,51.494644,-0.666921
1,874.6,0,03:15.2,01:52.6,4.44,00:00.0,0,32,112,8.6,0,---,150,-66,4,39,10,166,288,298,-21,51.4946123,-0.6668188,291,1,872.3,0,03:13.4,01:54.9,4.35,00:00.0,0,32,111,8.6,0,169,141,-64,1,43,11,148,268,259,-11,51.4945973,-0.6668224
1,882.5,0,03:17.0,01:54.6,4.36,00:00.0,0,32,113,7.9,0,---,150,-67,5,39,10,164,284,310,-14,51.4945694,-0.6667279,294,1,880.2,0,03:15.2,01:56.2,4.3,00:00.0,0,32,112,7.9,0,170,144,-67,2,41,10,150,274,255,-21,51.4945549,-0.6667315
1,890.4,0,03:19.0,01:56.5,4.29,00:00.0,0,31,114,7.9,0,---,148,-66,5,39,8,164,284,308,-15,51.4945272,-0.6666366,285,1,888.6,0,03:17.2,01:56.8,4.28,00:00.0,0,30.5,113,8.5,0,170,137,-66,2,41,11,149,266,252,-11,51.4945091,-0.6666337
1,899.5,0,03:21.0,01:54.1,4.38,00:00.0,0,31,115,9.2,0,---,155,-66,2,40,9,174,302,312,-16,51.4944784,-0.6665303,298,1,897.1,0,03:19.2,01:55.4,4.33,00:00.0,0,30.5,114,8.5,0,170,143,-65,1,42,10,155,277,268,-15,51.4944644,-0.6665351
1,907.3,0,03:22.8,01:55.4,4.33,00:00.0,0,31,116,7.8,0,---,162,-69,5,38,7,178,311,329,-15,51.494437,-0.6664394,296,1,904.9,0,03:21.0,01:58.4,4.22,00:00.0,0,31.5,115,7.8,0,170,134,-64,2,41,12,149,260,259,-11,51.4944238,-0.6664435
1,915.8,0,03:25.0,01:57.3,4.26,00:00.0,0,32,117,8.4,0,---,169,-68,5,39,7,182,320,337,-15,51.4943924,-0.6663407,304,1,912,0,03:22.9,01:58.7,4.21,00:00.0,0,32,116,7.1,0,170,135,-65,1,42,13,144,256,238,-10,51.4943863,-0.66636
1,923.6,0,03:26.6,01:56.5,4.29,00:00.0,0,32,118,7.8,0,---,174,-67,3,39,10,186,329,343,-22,51.4943508,-0.6662497,313,1,921.2,0,03:24.8,01:53.8,4.39,00:00.0,0,32,117,9.2,0,170,139,-65,2,42,11,145,262,259,-11,51.4943375,-0.6662526
1,932.1,0,03:28.6,01:56.2,4.3,00:00.0,0,31,119,8.5,0,---,179,-66,2,39,9,193,333,353,-18,51.4943046,-0.6661513,323,1,929.9,0,03:26.8,01:54.1,4.38,00:00.0,0,32,118,8.6,0,170,144,-66,2,42,10,148,273,259,-11,51.4942906,-0.6661533
1,940.1,0,03:30.4,01:54.9,4.35,00:00.0,0,32,120,8,0,---,164,-65,2,39,9,179,306,316,-25,51.4942607,-0.6660607,321,1,937.9,0,03:28.9,01:55.4,4.33,00:00.0,0,32,119,8,0,170,157,-66,1,41,10,163,288,273,-13,51.4942467,-0.6660621
1,948.1,0,03:32.2,01:55.7,4.32,00:00.0,0,32,121,7.9,0,---,175,-67,3,39,9,189,325,354,-21,51.494217,-0.6659699,326,1,945.9,0,03:30.4,01:53.8,4.39,00:00.0,0,32,120,8,0,170,151,-66,1,42,10,156,285,267,-9,51.4942028,-0.6659707
1,955.4,0,03:34.0,01:55.4,4.33,00:00.0,0,32,122,7.4,0,---,174,-67,5,39,8,190,330,348,-23,51.4941766,-0.6658858,320,1,954.6,0,03:32.4,01:54.1,4.38,00:00.0,0,33,121,8.7,0,170,146,-65,1,42,10,153,273,268,-6,51.4941551,-0.6658713
1,964.8,0,03:36.0,01:51.3,4.49,00:00.0,0,32,123,9.4,0,---,161,-66,4,40,10,175,300,315,-17,51.4941246,-0.665779,308,1,962.6,0,03:34.2,01:53.6,4.4,00:00.0,0,31,122,8,0,170,147,-66,2,41,10,158,272,251,-12,51.494111,-0.66578
1,972.8,0,03:37.8,01:51.8,4.47,00:00.0,0,32,124,8,0,---,171,-67,4,39,9,184,324,347,-17,51.4940805,-0.6656875,316,1,970.6,0,03:36.0,01:54.6,4.36,00:00.0,0,32.5,123,8,0,170,145,-67,2,42,11,156,281,261,-7,51.4940666,-0.665689
1,981.6,0,03:40.0,01:53.8,4.39,00:00.0,0,32,125,8.7,0,---,158,-66,2,40,10,171,303,320,-25,51.4940326,-0.6655875,298,1,978.6,0,03:38.0,01:54.9,4.35,00:00.0,0,30.5,124,8,0,171,140,-67,2,41,11,148,262,255,-17,51.4940226,-0.6655972
1,989.5,0,03:41.6,01:54.1,4.38,00:00.0,0,31,126,7.9,0,---,164,-66,5,39,9,179,305,326,-17,51.4939888,-0.6654973,306,1,987.2,0,03:39.8,01:51.8,4.47,00:00.0,0,31.5,125,8.6,0,171,142,-65,1,43,12,149,273,256,-13,51.4939749,-0.6655003
1,998.1,0,03:43.6,01:55.4,4.33,00:00.0,0,32,127,8.6,0,---,162,-66,2,39,8,180,307,324,-20,51.4939414,-0.6653992,310,1,995.7,0,03:41.8,01:53.6,4.4,00:00.0,0,32,126,8.5,0,170,148,-67,2,42,10,152,276,260,-7,51.4939271,-0.6654043
1,1006,0,03:45.4,01:55.4,4.33,00:00.0,0,32,128,7.9,0,---,164,-66,2,39,8,178,310,334,-20,51.4938974,-0.6653095,311,1,1003.6,0,03:43.9,01:56.0,4.31,00:00.0,0,32,127,7.9,0,170,147,-66,1,42,10,157,277,263,-11,51.4938827,-0.6653144
1,1013.9,0,03:47.2,01:56.8,4.28,00:00.0,0,32,129,7.9,0,---,154,-65,2,39,7,166,287,304,-18,51.4938538,-0.6652197,306,1,1011.6,0,03:45.4,01:54.1,4.38,00:00.0,0,32,128,8,0,171,152,-66,1,42,11,157,284,272,-9,51.4938382,-0.6652242
1,1021.2,0,03:49.0,01:56.5,4.29,00:00.0,0,32,130,7.3,0,---,169,-66,5,40,9,183,315,325,-16,51.4938142,-0.665136,314,1,1020.2,0,03:47.4,01:54.4,4.37,00:00.0,0,32.5,129,8.6,0,171,145,-65,1,43,12,151,271,259,-10,51.4937914,-0.6651252
1,1030.5,0,03:51.0,01:51.8,4.47,00:00.0,0,32,131,9.3,0,---,174,-68,3,40,8,181,324,361,-16,51.4937641,-0.6650287,325,1,1028.2,0,03:49.2,01:54.6,4.36,00:00.0,0,32,130,8,0,171,151,-66,1,41,11,156,280,254,-23,51.4937485,-0.6650331
1,1038.5,0,03:52.8,01:52.1,4.46,00:00.0,0,32,132,8,0,---,178,-68,4,39,10,186,331,337,-15,51.4937209,-0.6649368,319,1,1036.2,0,03:51.0,01:55.4,4.33,00:00.0,0,32,131,8,0,171,141,-65,1,42,12,148,263,244,-17,51.4937051,-0.6649413
1,1047.2,0,03:55.0,01:53.6,4.4,00:00.0,0,32,133,8.7,0,---,172,-67,6,40,11,185,315,334,-26,51.4936733,-0.6648373,325,1,1043.5,0,03:52.9,01:55.2,4.34,00:00.0,0,32.5,132,7.3,0,171,153,-66,1,42,10,158,282,264,-12,51.4936646,-0.6648578
1,1055.2,0,03:56.6,01:53.6,4.4,00:00.0,0,32,134,8,0,---,168,-66,5,39,7,182,318,335,-19,51.4936294,-0.6647461,313,1,1052.9,0,03:54.8,01:51.1,4.5,00:00.0,0,32,133,9.4,0,172,145,-66,2,42,11,151,272,256,-19,51.493613,-0.664751
1,1063.1,0,03:58.4,01:54.1,4.38,00:00.0,0,32,135,7.9,0,---,177,-68,3,39,10,181,329,339,-19,51.4935854,-0.6646559,325,1,1060.9,0,03:56.6,01:51.8,4.47,00:00.0,0,32,134,8,0,172,148,-66,1,42,11,154,274,262,-13,51.4935687,-0.6646604
1,1071.2,0,04:00.2,01:53.1,4.42,00:00.0,0,33,136,8.1,0,---,182,-68,4,39,7,196,333,331,-15,51.4935403,-0.664565,339,1,1069.6,0,03:58.9,01:53.8,4.39,00:00.0,0,33,135,8.7,0,172,157,-67,1,42,9,159,293,274,-18,51.4935196,-0.6645626
1,1080,0,04:02.2,01:53.3,4.41,00:00.0,0,31,137,8.8,0,---,157,-66,5,40,12,170,297,320,-20,51.4934914,-0.6644649,304,1,1077.7,0,04:00.4,01:53.3,4.41,00:00.0,0,32,136,8.1,0,172,147,-66,1,42,11,150,277,257,-8,51.4934739,-0.6644712
1,1087.4,0,04:04.0,01:53.3,4.41,00:00.0,0,32,138,7.4,0,---,171,-66,2,40,11,186,319,335,-14,51.4934502,-0.664381,322,1,1085.8,0,04:02.2,01:53.3,4.41,00:00.0,0,32,137,8,0,172,151,-67,1,42,10,152,285,267,-10,51.4934289,-0.6643803
1,1096.8,0,04:06.0,01:50.3,4.53,00:00.0,0,32,139,9.4,0,---,166,-67,4,40,10,180,309,324,-17,51.4933979,-0.6642747,324,1,1094.5,0,04:04.2,01:52.3,4.45,00:00.0,0,32,138,8.7,0,172,158,-67,2,42,11,159,291,274,-4,51.4933804,-0.6642815
1,1104.8,0,04:07.8,01:51.1,4.5,00:00.0,0,32,140,8,0,---,170,-67,2,39,7,182,322,327,-16,51.4933536,-0.6641832,316,1,1102.6,0,04:06.0,01:53.8,4.39,00:00.0,0,32,139,8.1,0,172,146,-67,2,43,11,149,275,258,-20,51.4933361,-0.6641889
1,1112.9,0,04:09.6,01:53.3,4.41,00:00.0,0,32,141,8,0,---,161,-67,3,39,10,174,300,316,-19,51.4933089,-0.6640921,310,1,1110,0,04:07.9,01:54.9,4.35,00:00.0,0,33,140,7.4,0,173,149,-67,2,42,11,151,275,264,-18,51.4932955,-0.664105
1,1121.5,0,04:11.6,01:54.4,4.37,00:00.0,0,32,142,8.6,0,---,160,-66,2,39,7,170,299,311,-19,51.4932608,-0.6639942,313,1,1118.6,0,04:09.6,01:51.1,4.5,00:00.0,0,32,141,8.7,0,173,153,-66,1,42,9,158,287,273,-17,51.4932479,-0.6640057
1,1128.8,0,04:13.3,01:54.9,4.35,00:00.0,0,33,143,7.3,0,---,174,-69,5,39,10,183,324,337,-18,51.4932204,-0.6639112,322,1,1127.3,0,04:11.6,01:51.8,4.47,00:00.0,0,32,142,8.6,0,172,148,-66,2,42,11,150,274,265,-12,51.493201,-0.6639065
1,1137.5,0,04:15.2,01:52.3,4.45,00:00.0,0,32,144,8.7,0,---,159,-67,6,39,9,172,291,304,-20,51.4931724,-0.6638124,310,1,1135.3,0,04:13.4,01:54.4,4.37,00:00.0,0,33,143,8,0,172,151,-66,1,42,12,155,280,269,-25,51.4931563,-0.6638156
1,1145.5,0,04:17.0,01:52.8,4.43,00:00.0,0,32,145,8,0,---,164,-67,6,40,8,173,306,332,-19,51.4931285,-0.6637212,321,1,1143.3,0,04:15.2,01:54.4,4.37,00:00.0,0,32,144,8,0,172,157,-68,3,42,9,160,286,265,-5,51.4931118,-0.6637242
1,1153.5,0,04:19.0,01:54.1,4.38,00:00.0,0,32,146,8.1,0,---,164,-65,1,40,8,173,306,320,-14,51.4930843,-0.6636291,318,1,1151.4,0,04:17.1,01:53.6,4.4,00:00.0,0,32,145,8.1,0,172,154,-65,1,42,10,162,289,275,-17,51.493067,-0.6636327
1,1162.3,0,04:20.8,01:51.1,4.5,00:00.0,0,32,147,8.7,0,---,176,-67,2,39,7,189,329,338,-19,51.4930369,-0.6635287,322,1,1160.1,0,04:19.0,01:51.6,4.48,00:00.0,0,33,146,8.7,0,172,146,-65,1,43,12,152,271,253,-15,51.49302,-0.6635324
1,1170.3,0,04:22.6,01:52.1,4.46,00:00.0,0,33.5,148,8,0,---,169,-66,6,40,8,181,305,329,-14,51.4929928,-0.663437,326,1,1168.2,0,04:20.8,01:52.6,4.44,00:00.0,0,32,147,8.1,0,172,157,-66,1,42,11,161,281,259,-13,51.4929755,-0.6634406
1,1178.3,0,04:24.4,01:53.6,4.4,00:00.0,0,32,149,8,0,---,176,-66,2,39,11,188,327,340,-24,51.4929492,-0.6633451,327,1,1176.2,0,04:22.9,01:53.8,4.39,00:00.0,0,33,148,8.1,0,172,151,-65,2,43,11,157,285,277,-8,51.4929321,-0.6633474
1,1186.4,0,04:26.2,01:54.1,4.38,00:00.0,0,32,150,8.1,0,---,180,-66,2,40,8,192,335,341,-24,51.4929047,-0.6632529,337,1,1185,0,04:24.6,01:51.6,4.48,00:00.0,0,32,149,8.8,0,172,157,-66,2,43,10,160,292,278,-12,51.4928839,-0.6632472
1,1194.5,0,04:28.1,01:53.6,4.4,00:00.0,0,32,151,8.1,0,---,171,-66,3,40,9,183,319,342,-16,51.49286,-0.6631603,326,1,1193.2,0,04:26.4,01:51.3,4.49,00:00.0,0,32,150,8.2,0,172,155,-66,1,43,10,158,285,267,-15,51.4928395,-0.663153
1,1203.3,0,04:30.0,01:49.4,4.57,00:00.0,0,32,152,8.8,0,---,167,-66,5,41,11,178,311,326,-22,51.4928118,-0.66306,317,1,1201.3,0,04:28.2,01:52.6,4.44,00:00.0,0,33,151,8.1,0,172,150,-65,1,43,10,158,276,261,-10,51.4927954,-0.6630597
1,1211.4,0,04:31.8,01:50.3,4.53,00:00.0,0,32,153,8.1,0,---,161,-66,6,40,7,173,301,322,-18,51.4927674,-0.6629682,302,1,1209.4,0,04:30.0,01:53.8,4.39,00:00.0,0,32,152,8.1,0,172,141,-65,1,42,11,150,267,253,-11,51.4927517,-0.6629665
1,1220.1,0,04:34.0,01:52.8,4.43,00:00.0,0,32,154,8.7,0,---,160,-68,5,39,10,175,298,313,-22,51.4927198,-0.6628684,298,1,1217.4,0,04:32.0,01:53.8,4.39,00:00.0,0,32,153,8,0,172,138,-65,1,42,12,145,259,246,-26,51.4927079,-0.6628744
1,1228.1,0,04:35.6,01:53.6,4.4,00:00.0,0,32,155,8,0,---,155,-66,5,39,8,169,294,308,-16,51.4926763,-0.6627767,308,1,1226,0,04:33.8,01:51.1,4.5,00:00.0,0,32,154,8.6,0,173,153,-66,2,43,10,157,286,268,-10,51.4926604,-0.6627763
1,1236,0,04:37.4,01:54.4,4.37,00:00.0,0,32,156,8,0,---,173,-66,4,41,11,185,322,331,-18,51.492633,-0.6626853,323,1,1234,0,04:35.6,01:52.3,4.45,00:00.0,0,32,155,8,0,173,150,-65,1,43,10,154,279,262,-8,51.4926173,-0.6626842
1,1244.7,0,04:39.4,01:53.1,4.42,00:00.0,0,32,157,8.7,0,---,167,-67,5,40,8,180,311,315,-23,51.492586,-0.6625854,309,1,1242.8,0,04:37.9,01:54.1,4.38,00:00.0,0,33,156,8.7,0,173,142,-66,2,42,10,148,264,251,-10,51.4925703,-0.6625838
1,1252.7,0,04:41.2,01:54.4,4.37,00:00.0,0,32,158,8,0,---,170,-66,3,40,10,185,317,327,-13,51.4925423,-0.6624941,324,1,1250.8,0,04:39.4,01:53.8,4.39,00:00.0,0,32,157,8,0,174,154,-66,2,43,9,163,289,279,-15,51.4925263,-0.6624919
1,1260,0,04:43.0,01:55.2,4.34,00:00.0,0,32,159,7.3,0,---,168,-66,3,39,9,186,319,341,-13,51.492502,-0.6624107,308,1,1259.5,0,04:41.4,01:54.4,4.37,00:00.0,0,32,158,8.7,0,174,140,-65,1,42,11,147,269,258,-12,51.4924794,-0.6623913
1,1269.3,0,04:45.0,01:51.6,4.48,00:00.0,0,32,160,9.3,0,---,161,-68,4,39,8,175,305,315,-20,51.4924508,-0.6623049,303,1,1267.4,0,04:43.2,01:53.6,4.4,00:00.0,0,32,159,7.9,0,174,142,-65,1,42,10,150,262,241,-22,51.4924358,-0.6623006
1,1277.2,0,04:46.8,01:52.6,4.44,00:00.0,0,32,161,7.9,0,---,164,-66,5,40,9,180,305,319,-16,51.4924069,-0.6622149,309,1,1275.3,0,04:45.0,01:55.2,4.34,00:00.0,0,32,160,7.9,0,174,145,-66,1,42,11,154,276,258,-16,51.4923924,-0.6622107
1,1285.8,0,04:49.0,01:55.4,4.33,00:00.0,0,32,162,8.6,0,---,163,-65,4,39,8,178,304,325,-11,51.4923595,-0.6621162,318,1,1282.5,0,04:46.9,01:56.0,4.31,00:00.0,0,32,161,7.2,0,174,155,-67,2,42,10,155,289,267,-20,51.4923524,-0.6621289
1,1293.8,0,04:50.6,01:55.2,4.34,00:00.0,0,32,163,8,0,---,160,-67,4,39,8,174,303,311,-19,51.4923156,-0.6620247,310,1,1291.8,0,04:48.8,01:51.8,4.47,00:00.0,0,32,162,9.3,0,174,150,-66,1,42,11,154,281,270,-17,51.4923012,-0.6620232
1,1301.9,0,04:52.4,01:55.2,4.34,00:00.0,0,32,164,8,0,---,167,-66,4,39,8,181,312,319,-16,51.4922717,-0.6619333,313,1,1299.8,0,04:50.6,01:52.6,4.44,00:00.0,0,33,163,8,0,174,146,-67,2,42,10,151,274,256,-12,51.492257,-0.6619319
1,1309.9,0,04:54.2,01:53.3,4.41,00:00.0,0,32,165,8,0,---,161,-66,2,39,11,173,300,320,-23,51.4922273,-0.6618425,318,1,1308.5,0,04:52.9,01:54.4,4.37,00:00.0,0,32,164,8.7,0,174,157,-67,1,42,10,163,288,269,-13,51.4922088,-0.6618336
1,1318.5,0,04:56.2,01:53.8,4.39,00:00.0,0,32,166,8.7,0,---,157,-64,4,39,10,169,292,318,-14,51.4921796,-0.6617435,313,1,1316.5,0,04:54.4,01:53.6,4.4,00:00.0,0,32,165,8,0,174,156,-66,2,42,10,163,290,276,-16,51.4921649,-0.6617419
1,1325.9,0,04:58.0,01:54.4,4.37,00:00.0,0,32,167,7.4,0,---,171,-68,3,39,8,177,314,321,-25,51.4921397,-0.6616588,320,1,1324.6,0,04:56.2,01:53.8,4.39,00:00.0,0,33,166,8.1,0,175,149,-66,1,42,11,155,278,266,-17,51.492121,-0.6616493
1,1334.6,0,04:59.8,01:50.3,4.53,00:00.0,0,32,168,8.7,0,---,159,-66,4,39,10,175,291,310,-15,51.4920926,-0.6615578,310,1,1332.6,0,04:58.0,01:52.3,4.45,00:00.0,0,32,167,8,0,175,151,-66,1,41,9,159,277,262,-19,51.492078,-0.6615563
1,1342.7,0,05:01.6,01:51.6,4.48,00:00.0,0,33.5,169,8,0,---,168,-67,5,39,9,183,313,326,-21,51.4920495,-0.6614653,318,1,1340.6,0,04:59.8,01:53.6,4.4,00:00.0,0,33,168,8,0,175,150,-66,1,42,11,156,281,264,-9,51.4920354,-0.6614635
1,1351.3,0,05:03.6,01:54.1,4.38,00:00.0,0,32,170,8.7,0,---,161,-67,4,40,10,173,295,313,-17,51.4920033,-0.6613647,313,1,1348.6,0,05:01.9,01:54.6,4.36,00:00.0,0,32,169,8,0,175,152,-65,1,41,9,155,279,265,-12,51.4919935,-0.6613696
1,1359.3,0,05:05.4,01:54.4,4.37,00:00.0,0,32,171,8,0,---,164,-66,4,40,11,173,306,315,-11,51.4919611,-0.6612722,318,1,1357.3,0,05:03.6,01:51.1,4.5,00:00.0,0,32,170,8.6,0,175,154,-66,2,42,11,159,280,267,-17,51.4919472,-0.6612695
1,1366.6,0,05:07.1,01:54.1,4.38,00:00.0,0,32.5,172,7.3,0,---,179,-69,4,39,7,191,328,342,-23,51.4919223,-0.6611869,323,1,1365.2,0,05:05.4,01:51.8,4.47,00:00.0,0,33,171,8,0,175,144,-67,2,42,10,148,271,254,-23,51.4919049,-0.6611765
1,1375.3,0,05:09.0,01:51.3,4.49,00:00.0,0,33,173,8.7,0,---,171,-68,4,39,10,187,318,336,-19,51.4918759,-0.6610864,323,1,1373.8,0,05:07.4,01:53.6,4.4,00:00.0,0,32,172,8.6,0,175,152,-66,1,43,11,155,284,263,-9,51.491858,-0.6610777
1,1384.1,0,05:11.0,01:52.1,4.46,00:00.0,0,32,174,8.8,0,---,167,-65,2,40,9,179,311,332,-16,51.4918282,-0.6609849,319,1,1381.9,0,05:09.2,01:54.6,4.36,00:00.0,0,33,173,8.1,0,175,152,-65,1,42,10,153,281,265,-22,51.4918146,-0.6609848
1,1392.2,0,05:13.0,01:52.8,4.43,00:00.0,0,32,175,8.1,0,---,172,-67,4,39,9,185,320,333,-21,51.4917846,-0.6608916,327,1,1389.3,0,05:11.0,01:54.1,4.38,00:00.0,0,32,174,7.3,0,176,155,-67,2,42,9,158,289,270,-9,51.4917749,-0.6609
1,1400.3,0,05:14.6,01:51.8,4.47,00:00.0,0,32,176,8.1,0,---,168,-67,3,39,7,179,307,315,-14,51.4917413,-0.6607976,320,1,1398,0,05:12.8,01:50.1,4.54,00:00.0,0,32,175,8.7,0,176,152,-68,2,42,10,152,281,265,-22,51.4917281,-0.6607994
1,1409.1,0,05:16.6,01:52.1,4.46,00:00.0,0,32,177,8.8,0,---,147,-67,5,39,10,160,279,300,-14,51.4916945,-0.6606951,296,1,1406.7,0,05:14.8,01:50.8,4.51,00:00.0,0,32.5,176,8.7,0,175,149,-66,1,42,12,153,276,263,-10,51.4916819,-0.6606978
1,1417.1,0,05:18.4,01:52.3,4.45,00:00.0,0,32,178,8,0,---,163,-67,3,40,10,180,308,316,-26,51.4916521,-0.6606011,306,1,1414.7,0,05:16.9,01:53.1,4.42,00:00.0,0,32,177,8,0,175,143,-66,1,42,11,157,272,257,-16,51.4916397,-0.6606041
1,1425.1,0,05:20.2,01:54.9,4.35,00:00.0,0,31,179,8,0,---,156,-66,3,39,10,171,300,317,-13,51.4916103,-0.660508,300,1,1422.6,0,05:18.4,01:53.3,4.41,00:00.0,0,30.5,178,7.9,0,175,144,-65,1,42,10,157,272,250,-13,51.4915986,-0.6605108
1,1433,0,05:22.1,01:55.7,4.32,00:00.0,0,32,180,7.9,0,---,167,-68,4,39,10,175,311,329,-18,51.4915687,-0.6604149,298,1,1431.2,0,05:20.4,01:54.9,4.35,00:00.0,0,33,179,8.6,0,176,131,-66,2,42,13,136,250,235,-13,51.4915532,-0.6604104
1,1441.6,0,05:24.0,01:52.3,4.45,00:00.0,0,32,181,8.5,0,---,179,-68,2,40,10,197,334,341,-14,51.4915237,-0.660315,314,1,1439.1,0,05:22.2,01:55.4,4.33,00:00.0,0,32,180,7.9,0,176,135,-65,1,42,12,141,254,239,-25,51.4915117,-0.660318
1,1450.2,0,05:26.0,01:53.1,4.42,00:00.0,0,32,182,8.6,0,---,170,-68,5,40,11,181,321,346,-15,51.4914772,-0.6602154,318,1,1447.8,0,05:24.2,01:56.2,4.3,00:00.0,0,32,181,8.7,0,175,148,-67,2,42,11,153,277,249,-23,51.4914646,-0.6602184
1,1458.3,0,05:28.0,01:54.6,4.36,00:00.0,0,32,183,8.1,0,---,171,-67,3,39,9,186,319,335,-17,51.4914335,-0.6601224,314,1,1455.1,0,05:26.0,01:55.4,4.33,00:00.0,0,32,182,7.4,0,176,143,-65,1,42,12,151,268,254,-16,51.4914241,-0.6601344
1,1466.3,0,05:29.6,01:53.3,4.41,00:00.0,0,32,184,8,0,---,158,-67,4,40,11,171,299,310,-15,51.4913895,-0.6600307,300,1,1463.9,0,05:27.8,01:51.3,4.49,00:00.0,0,32,183,8.7,0,176,142,-66,1,42,10,148,269,248,-24,51.4913767,-0.6600341
1,1474.9,0,05:31.6,01:54.1,4.38,00:00.0,0,32,185,8.6,0,---,162,-66,4,39,9,179,302,311,-22,51.4913427,-0.6599318,307,1,1472.5,0,05:29.8,01:52.3,4.45,00:00.0,0,32,184,8.7,0,176,145,-67,2,42,12,150,272,254,-18,51.4913296,-0.6599348
1,1482.8,0,05:33.4,01:54.4,4.37,00:00.0,0,32,186,7.9,0,---,158,-67,5,39,10,174,294,306,-22,51.4912998,-0.6598407,305,1,1480.5,0,05:31.9,01:54.6,4.36,00:00.0,0,32,185,8,0,175,147,-66,0,42,12,153,273,259,-10,51.4912863,-0.6598432
1,1490.8,0,05:35.2,01:55.4,4.33,00:00.0,0,32,187,8,0,---,164,-66,4,40,8,176,310,330,-19,51.4912568,-0.6597486,297,1,1488.5,0,05:33.4,01:53.8,4.39,00:00.0,0,32,186,8,0,175,133,-66,2,42,9,139,247,229,-4,51.4912432,-0.6597515
1,1498,0,05:37.0,01:56.2,4.3,00:00.0,0,32,188,7.2,0,---,171,-66,3,40,9,183,318,341,-12,51.4912172,-0.6596661,315,1,1497,0,05:35.4,01:55.2,4.34,00:00.0,0,33,187,8.6,0,175,144,-67,2,42,11,153,272,247,-21,51.4911961,-0.6596533
1,1507.3,0,05:39.0,01:52.6,4.44,00:00.0,0,32,189,9.3,0,---,169,-69,4,40,9,178,314,340,-21,51.4911662,-0.6595606,318,1,1505,0,05:37.2,01:55.4,4.33,00:00.0,0,32,188,8,0,175,149,-66,1,42,11,159,274,248,-5,51.4911523,-0.6595625
1,1515.2,0,05:40.8,01:53.1,4.42,00:00.0,0,32,190,7.9,0,---,155,-68,5,39,10,166,293,321,-17,51.4911223,-0.6594705,290,1,1513,0,05:39.0,01:55.7,4.32,00:00.0,0,32,189,8,0,176,135,-66,2,42,11,142,259,241,-12,51.491108,-0.6594724
1,1523.8,0,05:43.0,01:55.2,4.34,00:00.0,0,32,191,8.6,0,---,178,-69,3,39,9,190,331,340,-18,51.4910745,-0.6593731,319,1,1520.9,0,05:41.0,01:55.7,4.32,00:00.0,0,32,190,7.9,0,176,141,-67,2,42,12,148,264,243,-16,51.4910637,-0.6593829
1,1531.7,0,05:44.6,01:55.2,4.34,00:00.0,0,32,192,7.9,0,---,164,-65,4,39,9,177,306,316,-21,51.4910306,-0.6592843,311,1,1529.5,0,05:42.8,01:52.6,4.44,00:00.0,0,32,191,8.6,0,176,147,-66,2,42,11,148,266,261,-15,51.4910154,-0.6592868
1,1539.6,0,05:46.4,01:55.2,4.34,00:00.0,0,32,193,7.9,0,---,173,-67,4,39,8,185,317,319,-21,51.4909855,-0.6591957,327,1,1537.4,0,05:44.6,01:53.3,4.41,00:00.0,0,33,192,8,0,175,154,-66,1,42,10,163,283,266,-8,51.4909697,-0.6591984
1,1547.6,0,05:48.2,01:53.8,4.39,00:00.0,0,32,194,8,0,---,172,-67,4,39,8,179,315,326,-17,51.4909402,-0.6591065,320,1,1545.4,0,05:46.4,01:54.6,4.36,00:00.0,0,32,193,8,0,175,148,-67,2,42,10,151,277,255,-8,51.4909241,-0.6591087
1,1556.3,0,05:50.2,01:54.4,4.37,00:00.0,0,33,195,8.7,0,---,162,-66,4,40,9,170,297,310,-16,51.4908907,-0.6590094,316,1,1554.1,0,05:48.4,01:53.8,4.39,00:00.0,0,33,194,8.7,0,175,154,-67,2,43,10,152,282,261,-10,51.4908746,-0.6590117
1,1563.6,0,05:52.0,01:54.1,4.38,00:00.0,0,32,196,7.3,0,---,164,-66,4,39,8,174,300,330,-17,51.4908492,-0.6589271,311,1,1561.4,0,05:50.1,01:53.6,4.4,00:00.0,0,33,195,7.3,0,175,147,-67,2,42,11,148,267,238,-7,51.4908335,-0.6589298
1,1572.3,0,05:53.8,01:50.6,4.52,00:00.0,0,33.5,197,8.7,0,---,154,-66,2,39,10,164,287,305,-14,51.4907999,-0.6588294,312,1,1570.1,0,05:52.0,01:51.3,4.49,00:00.0,0,32,196,8.7,0,175,158,-68,2,42,10,163,288,267,-13,51.4907843,-0.6588323
1,1580.3,0,05:55.6,01:51.8,4.47,00:00.0,0,32,198,8,0,---,174,-66,4,39,10,186,323,331,-19,51.490755,-0.6587388,322,1,1578.2,0,05:53.8,01:52.6,4.44,00:00.0,0,32,197,8,0,176,148,-66,2,42,10,153,279,270,-15,51.4907394,-0.6587414
1,1589,0,05:57.6,01:53.8,4.39,00:00.0,0,32,199,8.7,0,---,160,-64,2,39,8,172,294,313,-16,51.4907062,-0.6586408,308,1,1586.2,0,05:55.9,01:54.1,4.38,00:00.0,0,32.5,198,8,0,176,148,-66,2,43,13,150,273,260,-22,51.4906944,-0.6586506
1,1597,0,05:59.4,01:54.4,4.37,00:00.0,0,32,200,8,0,---,169,-68,4,39,7,181,320,322,-19,51.4906618,-0.6585504,320,1,1594.9,0,05:57.6,01:51.6,4.48,00:00.0,0,32,199,8.7,0,176,151,-67,1,42,10,156,284,256,-20,51.4906463,-0.6585521
1,1604.3,0,06:01.1,01:54.4,4.37,00:00.0,0,32,201,7.3,0,---,167,-67,4,38,9,178,301,314,-22,51.4906212,-0.6584675,323,1,1602.9,0,05:59.4,01:52.8,4.43,00:00.0,0,33,200,8,0,176,156,-68,2,42,10,156,285,261,-20,51.4906021,-0.6584606
1,1613,0,06:03.0,01:50.8,4.51,00:00.0,0,33,202,8.7,0,---,180,-68,2,40,9,195,336,345,-21,51.4905734,-0.6583679,333,1,1610.9,0,06:01.2,01:53.6,4.4,00:00.0,0,32,201,8,0,176,153,-67,2,42,11,154,284,277,-8,51.4905588,-0.6583683
1,1621.1,0,06:04.8,01:51.1,4.5,00:00.0,0,32,203,8,0,---,169,-68,5,38,9,177,314,337,-19,51.4905292,-0.658276,318,1,1619,0,06:03.0,01:54.1,4.38,00:00.0,0,33,202,8,0,176,149,-68,2,41,10,151,272,248,-18,51.4905142,-0.6582772
1,1629.8,0,06:07.0,01:53.1,4.42,00:00.0,0,32,204,8.7,0,---,166,-66,2,39,9,176,298,310,-18,51.4904814,-0.6581768,314,1,1626.3,0,06:04.9,01:54.4,4.37,00:00.0,0,32,203,7.3,0,176,148,-67,2,42,11,149,272,255,-24,51.4904739,-0.6581936
1,1637.7,0,06:08.6,01:53.8,4.39,00:00.0,0,33,205,8,0,---,165,-67,3,38,9,175,302,316,-22,51.4904378,-0.658086,313,1,1635.6,0,06:06.8,01:50.3,4.53,00:00.0,0,33,204,9.3,0,176,148,-67,2,41,10,150,273,259,-6,51.4904223,-0.6580878
1,1645.7,0,06:10.4,01:53.8,4.39,00:00.0,0,32,206,8,0,---,161,-66,2,38,7,171,299,318,-27,51.4903941,-0.6579953,308,1,1643.6,0,06:08.6,01:51.6,4.48,00:00.0,0,33,205,8,0,176,147,-66,1,41,11,151,270,258,-12,51.490378,-0.657997
1,1653.6,0,06:12.2,01:52.6,4.44,00:00.0,0,33.5,207,7.9,0,---,167,-67,3,39,7,174,307,313,-19,51.4903506,-0.6579045,314,1,1651.6,0,06:10.4,01:54.1,4.38,00:00.0,0,32,206,8,0,176,147,-66,1,42,11,150,268,249,-17,51.4903342,-0.6579061
1,1661.7,0,06:14.0,01:53.6,4.4,00:00.0,0,32,208,8,0,---,161,-66,3,38,9,171,290,302,-22,51.4903066,-0.6578127,314,1,1659.6,0,06:12.2,01:54.1,4.38,00:00.0,0,33,207,8,0,176,153,-68,2,42,11,153,279,259,-19,51.4902901,-0.657815
1,1669.7,0,06:16.1,01:54.1,4.38,00:00.0,0,33.5,209,8,0,---,159,-68,4,38,9,164,292,327,-15,51.4902624,-0.6577208,298,1,1666.9,0,06:14.0,01:53.6,4.4,00:00.0,0,33,208,7.3,0,176,139,-65,1,42,13,141,254,231,-14,51.4902495,-0.6577315
1,1677.7,0,06:17.6,01:52.1,4.46,00:00.0,0,33.5,210,8,0,---,164,-67,4,39,9,173,295,311,-17,51.4902186,-0.6576294,314,1,1675.5,0,06:15.8,01:51.1,4.5,00:00.0,0,33,209,8.6,0,177,150,-65,2,42,10,157,268,253,-7,51.4902023,-0.6576325
1,1685.7,0,06:19.4,01:52.6,4.44,00:00.0,0,32,211,8,0,---,167,-67,5,39,11,177,306,320,-24,51.4901751,-0.6575376,319,1,1683.5,0,06:17.6,01:52.1,4.46,00:00.0,0,32,210,8,0,176,152,-66,1,42,12,158,281,271,-21,51.4901586,-0.6575408
1,1693.8,0,06:21.2,01:52.8,4.43,00:00.0,0,33.5,212,8,0,---,166,-66,3,39,9,175,300,305,-21,51.4901316,-0.6574448,324,1,1691.6,0,06:19.4,01:53.1,4.42,00:00.0,0,33,211,8.1,0,177,158,-66,2,42,10,158,287,270,-15,51.4901147,-0.6574478
1,1701.8,0,06:23.0,01:53.1,4.42,00:00.0,0,33.5,213,8.1,0,---,168,-64,2,39,9,173,303,310,-23,51.4900883,-0.6573509,329,1,1699.7,0,06:21.2,01:52.3,4.45,00:00.0,0,33,212,8.1,0,177,161,-66,2,43,9,156,287,269,-16,51.4900711,-0.6573544
1,1710,0,06:25.0,01:52.3,4.45,00:00.0,0,32,214,8.2,0,---,174,-67,5,39,10,177,318,331,-19,51.4900446,-0.6572557,323,1,1707.9,0,06:23.1,01:51.6,4.48,00:00.0,0,33,213,8.1,0,177,149,-67,2,41,10,152,272,248,-20,51.4900275,-0.6572603
1,1718.1,0,06:26.6,01:49.4,4.57,00:00.0,0,33,215,8.1,0,---,179,-68,4,39,8,186,323,323,-17,51.4900011,-0.6571623,334,1,1716.6,0,06:25.0,01:50.1,4.54,00:00.0,0,33,214,8.8,0,177,155,-67,2,43,10,155,282,263,-14,51.4899805,-0.6571585
1,1726.9,0,06:28.6,01:50.8,4.51,00:00.0,0,33.5,216,8.8,0,---,176,-66,3,39,8,183,318,325,-12,51.4899543,-0.6570607,323,1,1724.7,0,06:26.8,01:51.3,4.49,00:00.0,0,33,215,8.1,0,177,147,-66,1,41,10,148,269,249,-18,51.4899366,-0.657066
1,1734.2,0,06:30.2,01:52.1,4.46,00:00.0,0,33.5,217,7.3,0,---,173,-67,2,38,9,180,312,327,-19,51.4899146,-0.6569762,329,1,1732.7,0,06:28.9,01:52.6,4.44,00:00.0,0,33,216,8,0,177,156,-66,1,41,10,157,276,257,-27,51.4898933,-0.6569737
1,1742.2,0,06:32.0,01:53.1,4.42,00:00.0,0,34,218,8,0,---,185,-68,3,38,8,187,317,324,-22,51.4898713,-0.6568843,352,1,1740.1,0,06:30.2,01:52.6,4.44,00:00.0,0,35,217,7.4,0,177,167,-67,2,41,10,160,289,273,-22,51.489853,-0.6568889
1,1750.3,0,06:34.0,01:52.8,4.43,00:00.0,0,34.5,219,8,0,---,181,-67,6,39,9,182,315,324,-22,51.4898277,-0.6567916,348,1,1747.5,0,06:32.0,01:52.1,4.46,00:00.0,0,34.5,218,7.4,0,177,167,-68,2,41,10,160,295,268,-12,51.489813,-0.6568036
1,1758.4,0,06:35.6,01:50.6,4.52,00:00.0,0,35,220,8.1,0,---,178,-65,3,39,9,184,311,315,-30,51.4897845,-0.6566973,347,1,1756.3,0,06:33.8,01:48.4,4.61,00:00.0,0,33.5,219,8.8,0,177,169,-68,2,41,10,160,293,269,-16,51.4897661,-0.6567006
1,1765.2,0,06:37.1,01:49.6,4.56,00:00.0,0,33.5,221,6.8,0,---,185,-66,4,39,9,188,323,336,-31,51.4897486,-0.6566185,343,1,1763.8,0,06:35.4,01:48.4,4.61,00:00.0,0,34.5,220,7.4,0,177,158,-66,2,41,11,156,269,250,-20,51.489727,-0.6566137
1,1774,0,06:39.0,01:47.5,4.65,00:00.0,0,34.5,222,8.9,0,---,166,-66,2,38,11,167,288,290,-17,51.4897007,-0.656516,328,1,1771.9,0,06:37.2,01:50.1,4.54,00:00.0,0,35,221,8.2,0,177,162,-65,1,42,10,159,281,280,-15,51.4896832,-0.6565193
1,1782.2,0,06:40.8,01:48.4,4.61,00:00.0,0,35,223,8.1,0,---,196,-67,2,38,7,198,336,341,-25,51.4896571,-0.6564217,358,1,1780.1,0,06:39.0,01:50.6,4.52,00:00.0,0,35,222,8.2,0,177,162,-66,1,42,12,160,286,271,-9,51.4896387,-0.6564254
1,1789.7,0,06:42.4,01:49.6,4.56,00:00.0,0,33.5,224,7.5,0,---,183,-66,2,39,10,187,319,326,-24,51.4896169,-0.6563351,344,1,1787.7,0,06:40.9,01:50.3,4.53,00:00.0,0,33.5,223,7.6,0,178,161,-65,1,42,11,157,280,271,-20,51.4895974,-0.6563379
1,1797.9,0,06:44.2,01:50.1,4.54,00:00.0,0,35,225,8.3,0,---,183,-67,2,39,8,185,319,327,-30,51.489572,-0.6562402,339,1,1796,0,06:42.4,01:47.0,4.67,00:00.0,0,36,224,8.3,0,178,156,-66,1,41,11,150,270,254,-12,51.4895522,-0.6562424
1,1805.5,0,06:46.0,01:50.1,4.54,00:00.0,0,35,226,7.5,0,---,180,-68,2,38,9,185,313,315,-20,51.489531,-0.6561538,342,1,1803.7,0,06:44.1,01:46.8,4.68,00:00.0,0,33.5,225,7.6,0,178,162,-67,2,42,12,158,281,266,-31,51.4895107,-0.6561553
1,1813.8,0,06:47.6,01:46.1,4.71,00:00.0,0,34,227,8.3,0,---,179,-67,3,37,6,177,312,326,-29,51.4894856,-0.6560584,347,1,1812,0,06:45.8,01:47.0,4.67,00:00.0,0,34.5,226,8.3,0,178,168,-67,1,41,10,162,291,272,-21,51.4894658,-0.6560598
1,1821.3,0,06:49.3,01:46.1,4.71,00:00.0,0,36,228,7.6,0,---,203,-66,2,37,7,200,329,340,-23,51.4894449,-0.6559709,376,1,1820.3,0,06:47.6,01:47.7,4.64,00:00.0,0,35.5,227,8.3,0,178,173,-66,1,40,12,163,284,270,-31,51.4894208,-0.6559641
1,1829,0,06:50.8,01:46.1,4.71,00:00.0,0,38.5,229,7.6,0,---,207,-65,2,37,8,194,323,339,-33,51.4894037,-0.6558834,387,1,1827.8,0,06:49.2,01:47.7,4.64,00:00.0,0,38,228,7.6,0,178,180,-64,1,40,11,167,275,261,-24,51.4893806,-0.6558758
1,1836.6,0,06:52.4,01:45.0,4.76,00:00.0,0,37,230,7.7,0,---,197,-65,3,38,8,183,313,335,-32,51.4893618,-0.6557957,373,1,1834.7,0,06:50.6,01:46.8,4.68,00:00.0,0,37.5,229,6.9,0,179,176,-64,1,40,10,171,278,268,-31,51.4893432,-0.6557967
1,1844.2,0,06:54.0,01:45.2,4.75,00:00.0,0,38,231,7.6,0,---,200,-64,3,37,9,189,312,338,-30,51.4893206,-0.6557083,368,1,1842.3,0,06:52.2,01:46.3,4.7,00:00.0,0,38.5,230,7.6,0,178,168,-64,1,41,12,158,271,270,-29,51.4893018,-0.65571
1,1851.8,0,06:55.6,01:45.4,4.74,00:00.0,0,37,232,7.6,0,---,186,-65,4,37,7,186,302,323,-27,51.4892795,-0.6556206,357,1,1849.9,0,06:53.8,01:46.6,4.69,00:00.0,0,36.5,231,7.6,0,178,171,-65,1,40,11,166,276,260,-25,51.4892603,-0.6556228
1,1859.3,0,06:57.2,01:46.8,4.68,00:00.0,0,38,233,7.5,0,---,198,-66,3,37,9,196,320,334,-34,51.489239,-0.6555336,365,1,1857.4,0,06:55.4,01:47.2,4.66,00:00.0,0,37,232,7.5,0,178,167,-63,1,41,11,161,267,253,-33,51.4892197,-0.6555366
1,1866.9,0,06:58.8,01:47.9,4.63,00:00.0,0,36.5,234,7.5,0,---,182,-67,3,37,11,179,290,318,-31,51.4891985,-0.6554466,355,1,1864.9,0,06:57.0,01:47.5,4.65,00:00.0,0,37.5,233,7.5,0,178,173,-64,0,40,11,166,279,278,-25,51.489179,-0.65545
1,1874.4,0,07:00.4,01:48.2,4.62,00:00.0,0,38.5,235,7.5,0,---,205,-65,1,37,12,199,319,361,-25,51.4891578,-0.6553595,375,1,1872.4,0,06:58.9,01:47.2,4.66,00:00.0,0,37,234,7.5,0,179,170,-63,1,40,11,162,267,259,-17,51.4891382,-0.6553635
1,1881.9,0,07:02.0,01:48.4,4.61,00:00.0,0,37,236,7.5,0,---,184,-63,1,37,9,182,299,327,-25,51.4891171,-0.6552733,350,1,1880,0,07:00.2,01:44.3,4.79,00:00.0,0,37.5,235,7.5,0,180,166,-64,1,40,12,155,269,268,-27,51.4890972,-0.6552768
1,1889.4,0,07:03.6,01:48.4,4.61,00:00.0,0,38,237,7.5,0,---,184,-65,3,37,9,179,299,325,-25,51.4890763,-0.6551869,361,1,1886.8,0,07:01.9,01:44.6,4.78,00:00.0,0,37.5,236,6.8,0,179,177,-66,1,40,11,169,282,267,-35,51.4890604,-0.6551984
1,1897,0,07:05.2,01:48.2,4.62,00:00.0,0,36.5,238,7.5,0,---,198,-65,1,38,8,188,321,340,-31,51.489036,-0.6551001,360,1,1895,0,07:03.4,01:44.3,4.79,00:00.0,0,37.5,237,8.2,0,180,162,-65,1,42,15,152,265,255,-30,51.489017,-0.655103
1,1904.5,0,07:07.0,01:47.5,4.65,00:00.0,0,36.5,239,7.5,0,---,168,-66,6,36,9,167,273,289,-25,51.4889954,-0.6550128,339,1,1902.4,0,07:05.1,01:44.3,4.79,00:00.0,0,36.5,238,7.5,0,180,171,-65,1,39,13,162,278,278,-34,51.4889774,-0.6550162
1,1912.7,0,07:08.6,01:45.0,4.76,00:00.0,0,36.5,240,8.2,0,---,171,-65,5,33,10,175,277,310,-25,51.4889519,-0.6549171,335,1,1910.6,0,07:06.8,01:46.1,4.71,00:00.0,0,36.5,239,8.1,0,180,164,-66,1,38,12,163,265,256,-36,51.4889349,-0.6549206
1,1918.6,0,07:10.0,01:46.1,4.71,00:00.0,0,38.5,241,5.9,0,---,207,-63,2,36,8,194,317,363,-25,51.4889207,-0.6548481,381,1,1917.1,0,07:08.2,01:48.6,4.6,00:00.0,0,38.5,240,6.6,0,180,174,-62,2,38,12,165,263,270,-20,51.4889001,-0.6548444
1,1926.7,0,07:11.6,01:44.8,4.77,00:00.0,0,40.5,242,8.1,0,---,224,-62,0,36,9,197,323,382,-23,51.4888783,-0.6547537,407,1,1924.5,0,07:09.8,01:49.4,4.57,00:00.0,0,40.5,241,7.4,0,180,183,-60,1,38,10,171,262,268,-19,51.488861,-0.6547581
1,1932.6,0,07:13.0,01:43.0,4.85,00:00.0,0,41.5,243,5.9,0,---,221,-62,1,35,10,198,312,361,-25,51.4888466,-0.6546849,412,1,1931.3,0,07:11.3,01:47.2,4.66,00:00.0,0,42,242,6.7,0,180,191,-62,0,37,11,174,273,286,-28,51.4888249,-0.6546803
1,1940.2,0,07:14.4,01:41.4,4.93,00:00.0,0,41.5,244,7.6,0,---,215,-63,1,34,7,199,309,352,-18,51.4888061,-0.6545976,396,1,1938,0,07:12.6,01:45.0,4.76,00:00.0,0,41.5,243,6.8,0,180,181,-62,1,37,12,166,263,277,-35,51.4887886,-0.6546018
1,1946.9,0,07:16.0,01:40.8,4.96,00:00.0,0,43,245,6.8,0,---,213,-61,0,35,9,189,300,333,-25,51.4887698,-0.6545195,398,1,1944.1,0,07:14.0,01:43.5,4.83,00:00.0,0,42,244,6,0,180,185,-61,1,38,13,165,258,283,-27,51.4887558,-0.6545322
1,1953.7,0,07:17.2,01:42.2,4.89,00:00.0,0,41,246,6.8,0,---,206,-63,1,35,8,190,296,350,-23,51.4887328,-0.6544411,387,1,1951.7,0,07:15.4,01:42.2,4.89,00:00.0,0,41.5,245,7.6,0,180,181,-63,1,38,12,168,264,274,-26,51.4887148,-0.6544449
1,1961.3,0,07:19.0,01:42.4,4.88,00:00.0,0,42,247,7.5,0,---,211,-62,1,35,8,194,304,349,-27,51.4886921,-0.6543545,395,1,1957.8,0,07:16.9,01:41.8,4.91,00:00.0,0,41.5,246,6.1,0,180,184,-63,2,37,12,167,265,279,-22,51.4886817,-0.6543749
1,1968.1,0,07:20.2,01:44.8,4.77,00:00.0,0,41.5,248,6.8,0,---,226,-63,2,33,8,209,318,372,-20,51.4886548,-0.6542765,416,1,1966.1,0,07:18.4,01:41.2,4.94,00:00.0,0,42.5,247,8.3,0,180,190,-62,1,36,11,172,266,294,-29,51.4886365,-0.6542796
1,1974.1,0,07:21.4,01:43.9,4.81,00:00.0,0,44,249,6,0,---,227,-60,1,33,11,198,300,384,-24,51.4886218,-0.654208,418,1,1972.1,0,07:19.9,01:40.8,4.96,00:00.0,0,44,248,6,0,181,191,-60,1,35,13,169,254,285,-27,51.4886035,-0.6542109
1,1980.9,0,07:22.8,01:43.9,4.81,00:00.0,0,44,250,6.8,0,---,215,-62,1,34,8,195,297,353,-28,51.4885841,-0.6541305,394,1,1978.9,0,07:21.0,01:39.6,5.02,00:00.0,0,44,249,6.9,0,180,179,-61,0,36,11,161,247,266,-31,51.4885655,-0.654133
1,1987.8,0,07:24.2,01:43.7,4.82,00:00.0,0,43,251,6.9,0,---,197,-63,1,34,9,176,284,320,-29,51.4885455,-0.6540528,370,1,1985.7,0,07:22.4,01:39.4,5.03,00:00.0,0,43,250,6.8,0,180,173,-64,1,36,18,159,246,270,-35,51.4885279,-0.6540556
1,1994.6,0,07:25.6,01:43.7,4.82,00:00.0,0,41.5,252,6.8,0,---,185,-61,1,34,7,174,267,303,-21,51.4885077,-0.653976,365,1,1993.3,0,07:24.0,01:43.9,4.81,00:00.0,0,41,251,7.6,0,180,180,-64,2,37,12,167,264,282,-30,51.4884859,-0.6539699
1,2002.1,0,07:27.2,01:45.0,4.76,00:00.0,0,41.5,253,7.6,0,---,200,-65,6,38,9,181,300,321,-28,51.4884658,-0.6538902,357,1,2000,0,07:25.4,01:44.8,4.77,00:00.0,0,41.5,252,6.8,0,182,157,-62,1,40,14,141,239,246,-32,51.4884483,-0.6538934
1,---,---,---,---,---,---,---,---,253,---,---,---,0,12,---,20,---,1,0,7,12,---,---,0,1,---,---,---,---,---,---,---,---,252,---,---,---,0,0,---,26,---,7,2,11,13,---,---
1,---,---,---,---,---,---,---,---,253,---,---,---,0,-3,---,23,---,6,3,15,3,---,---,0,1,2029.9,0,07:35.5,04:11.2,1.99,00:00.0,0,26,253,29.9,0,175,0,14,---,23,---,5,0,8,14,51.4882162,-0.6534525
1,2032.1,0,07:37.2,04:07.5,2.02,00:00.0,0,26.5,254,30,0,---,0,16,---,25,---,3,0,7,17,51.4882372,-0.653451,0,1,---,---,---,---,---,---,---,---,253,---,---,---,0,16,---,27,---,3,0,8,20,---,---
1,---,---,---,---,---,---,---,---,254,---,---,---,4,-45,---,30,---,18,22,51,9,---,---,17,1,---,---,---,---,---,---,---,---,253,---,---,---,13,-56,22,37,34,47,72,85,-15,---,---
1,2039.6,0,07:42.0,05:24.6,1.54,00:00.0,0,19,255,7.5,0,---,0,13,---,23,---,0,0,6,13,51.4881967,-0.653364,16,1,2043.4,0,07:46.9,07:26.4,1.12,00:00.0,0,16.5,254,13.5,0,159,16,-43,11,38,38,46,64,88,-8,51.4880874,-0.6531518
1,2049.7,0,07:51.8,09:15.5,0.9,00:00.0,0,16.5,256,10,0,---,13,-35,30,35,14,46,56,88,9,51.4881045,-0.6531403,30,1,2048.6,0,07:51.4,09:21.7,0.89,00:00.0,0,14,255,5.1,0,157,17,-50,28,41,32,47,72,80,-7,51.4880635,-0.6530885
1,2054.8,0,07:55.9,09:15.5,0.9,00:00.0,0,14,257,5.1,0,---,22,-48,11,38,17,63,87,101,-12,51.4880813,-0.6530763,36,1,2055.1,0,07:54.9,05:57.1,1.4,00:00.0,0,15.5,256,6.5,0,154,14,-53,---,37,---,37,53,60,-12,51.4880342,-0.6530072
1,2061.2,0,07:59.7,05:57.1,1.4,00:00.0,0,15.5,258,6.4,0,---,24,-53,18,39,16,58,91,106,-4,51.488053,-0.6529963,34,1,2062.8,0,07:58.9,04:36.2,1.81,00:00.0,0,15.5,257,7.7,0,153,10,-48,---,39,---,28,40,51,-7,51.4879985,-0.6529117
1,2069.3,0,08:03.8,04:36.2,1.81,00:00.0,0,15.5,259,8.1,0,---,36,-59,8,40,12,84,139,137,-27,51.4880159,-0.6528954,61,1,2070.4,0,08:02.6,04:08.7,2.01,00:00.0,0,16.5,258,7.6,0,153,25,-56,17,42,29,53,88,96,-14,51.4879578,-0.6528232
1,2076.9,0,08:07.4,04:06.3,2.03,00:00.0,0,16.5,260,7.6,0,---,21,-51,24,39,15,52,79,92,7,51.4879748,-0.6528074,40,1,2078.6,0,08:06.4,03:53.6,2.14,00:00.0,0,16,259,8.2,0,152,19,-57,36,40,26,42,72,82,-2,51.4879139,-0.6527284
1,2085.1,0,08:11.0,03:52.5,2.15,00:00.0,0,16,261,8.2,0,---,30,-59,15,39,14,68,113,120,-10,51.4879303,-0.6527135,50,1,2087.3,0,08:09.9,03:41.2,2.26,00:00.0,0,16.5,260,8.7,0,151,20,-58,34,40,32,43,72,80,-3,51.487866,-0.6526291
1,2093,0,08:14.6,03:43.2,2.24,00:00.0,0,16.5,262,7.9,0,---,29,-59,14,39,15,65,107,117,-18,51.4878864,-0.6526238,54,1,2096.7,0,08:13.9,03:34.5,2.33,00:00.0,0,15,261,9.3,0,150,25,-59,14,42,24,57,98,104,-17,51.4878112,-0.6525271
1,2103,0,08:18.8,03:35.5,2.32,00:00.0,0,15,263,10,0,---,16,-52,35,38,19,42,65,86,-3,51.4878283,-0.6525135,42,1,2104.7,0,08:17.3,03:34.5,2.33,00:00.0,0,17,262,8,0,148,26,-59,22,42,22,53,97,107,-6,51.4877661,-0.6524371
1,2111,0,08:22.1,03:33.6,2.34,00:00.0,0,17,264,8,0,---,31,-58,18,40,14,69,112,125,-7,51.4877836,-0.6524231,49,1,2113.5,0,08:20.9,03:32.7,2.35,00:00.0,0,16.5,263,8.8,0,147,18,-60,25,33,38,38,64,77,-15,51.4877183,-0.6523361
1,2119.7,0,08:25.8,03:32.7,2.35,00:00.0,0,16.5,265,8.7,0,---,---,34,---,42,---,-17,---,-8,42,51.4877358,-0.6523239,-,1,---,---,---,---,---,---,---,---,263,---,---,---,2,-16,---,26,---,9,13,53,-10,---,---